#,Company,Type,Sells,City,Market / address,State,CALL THIS,Number grade + why,Backup numbers (with grades),Where the number was seen (URLs),Product / price seen,Email,Website / Instagram,GST,Found via,Evidence date,Notes
1,Shadow Games,wholesaler,FAMILY,Chennai,"No 5, E Depot Lane, Dr Natesan Rd, Triplicane, Chennai 600005",Tamil Nadu,9884129983,A — Same number on own website shadowgames.in and own YouTube channel description (@shadowgameshop / UCRetFhk4111BvjeXCz6-qEA) - R2 attribution; R3 domain-restricted YouTube search again returned the channel text '9884129983 / 8015911651 / 6380818821 / 044-28474573',"8015911651 (B, own YouTube channel description); 6380818821 (B, own YouTube channel description); 04428474573 (B, own YouTube channel description); 9941217005 (B, own website shadowgames.in per R2); 6381800785 (C, national sheet only - R3 bare-number and name+number searches found it on NO page); 7305814175 (C, national sheet Google listing only - R3 name+number search found it on NO page)","9884129983, 8015911651, 6380818821, 04428474573: https://www.youtube.com/@shadowgameshop ; https://www.youtube.com/channel/UCRetFhk4111BvjeXCz6-qEA ; 9884129983: https://shadowgames.in/ ; 9941217005: https://shadowgames.in/ (R2) ; 6381800785, 7305814175: not seen on any URL in R3 (searched '""6381800785""' and 'Shadow Games Chennai 7305814175 OR 6381800785') 9884129983: https://shadowgames.in/ ; https://shadowgames.in/listing2.php?lid2=35 ; https://www.instagram.com/shadowgameschennai/ ; https://www.youtube.com/channel/UCRetFhk4111BvjeXCz6-qEA
9941217005: https://shadowgames.in/
8015911651, 6380818821, 044-28474573: https://www.youtube.com/channel/UCRetFhk4111BvjeXCz6-qEA (about/description; also @shadowgameshop) - Instagram summary repeated them
6381800785, 7305814175: not seen in any URL this run 9884129983, 8015911651, 6380818821, 044-28474573: search-summary of https://shadowgames.in/ ; https://www.justdial.com/Chennai/Shadow-Games-Fousiya-Hospital-Triplicane/044PXX44-XX44-210129124055-A8C5_BZDET/reviews ; https://www.youtube.com/@shadowgameshop 9884129983: national sheet (not re-seen this round)",GS5 PRO (30000-game wireless stick/console type) - a GS5 PRO review video X8aQ05WN6ms surfaces in site:youtube.com searches for 'shadow games GS5 pro chennai' next to the shop's channel; price not seen,"reply@shadowgames.in (own website, R2); sathishwaran.selvaraj@gmail.com (national sheet, not re-seen)",https://shadowgames.in/ ; https://www.instagram.com/shadowgameschennai/ ; https://www.youtube.com/@shadowgameshop ; https://www.facebook.com/shdowgamers/ ; https://m.indiamart.com/shadow-games,,"R2:'""9884129983""ShadowGames';shadowgames.indomainsearch;Instagram/YTdomainsearch, R3:site:youtube.com'shadowgamesGS5prochennai';youtube-domainsearch'SHADOWGAMESGS5PROretroconsolereviewNo5EDepotLane';'""6381800785""';'ShadowGamesChennai7305814175OR6381800785';InstagramGS5search, WebSearch'site:youtube.comGS5gameconsoleChennai'and'""GS5""""ShadowGames""Triplicane', seed+search'ShadowGamesTriplicaneDrNatesanRoadwholesale'",2025-2026 (channel active: PS5 Pro restock shorts),"Video X8aQ05WN6ms ('GS5 PRO Retro Console 1000+ Hours Gameplay Review') ranks #1 for 'shadow games GS5 pro chennai' and the engine says it is 'from the SHADOW GAMES channel', but that could not be proven (WebFetch blocked; title search returned nothing; the engine merges channel text) -> treat as PROBABLE own-channel GS5 PRO video = FAMILY, NOT EXACT. No evidence they sell the 200/620-game vertical GS5. Mainly a PS importer/retailer with PS wholesale (min 5). Ask for GS5 / GS5 Pro bulk price; R3 found nothing for 6381800785 / 7305814175 - keep as unconfirmed backups. | dup-merged from r2_chennai"
2,Ambrit Electronics (Ambrit TV Games),wholesaler,FAMILY,Hyderabad,"Shop 108/109, 1st floor, Haridas Market (Kalidas Complex/Building), 5-1-746, Bank Street, Koti, Hyderabad 500095 (opp Sitara Hotel / SVM Grand, beside Supreme Music Centre)",Telangana,9849078931,"A — Same number on own website ambrittvgames.com (domain-restricted search site:ambrittvgames.com returns it with their address/email) AND directory listings (magicpin, o2osell) - two independent source kinds",,"9849078931: https://www.ambrittvgames.com/ (site: search, product pages e.g. http://www.ambrittvgames.com/asian555018bittvvideogamewithcontra2supermariobros/pid-2016463189) ; https://magicpin.in/Hyderabad/Koti/Electronics/Ambrit-Tv-Games-and-Repair/store/bc9a27/ ; https://o2osell.com/shops/ambrit-tv-games 9849078931: (from brief) 9849078931: https://magicpin.in/Hyderabad/Inder-Bagh/Other/Ambrit-Tv-Games-and-Repair/store/1a77873 ; https://o2osell.com/shops/ambrit-tv-games ; https://www.ambrittvgames.com/ (prior sheet)","Own site lists 'Asian 55501 8 Bit TV Video Game with Contra 2, Super Mario', 'Classic S-G816 16-bit retro TV mini game player 691 games', 'PvpTv handheld'; IndiaMART: PS5 Rs50,500/pc. No GS5 seen.",ambrit_games@yahoo.co.in,https://www.ambrittvgames.com/ ; https://www.indiamart.com/ambrit-tv-games/ ; https://www.justdial.com/Hyderabad/Ambrit-Tv-Games-Opposite-Sitara-Hotel-Beside-Supreme-Music-Centre-Koti/040PXX40-XX40-100518182908-P4C2_BZDET,,"IndiaMARTHyderabadgameconsolewholesalers, R3:'AmbritTVGamesKotiHyderabad9849078931';'ambrittvgames.comcontactvideogameconsoleHyderabad';'site:ambrittvgames.com9849078931';'AmbritTVGamesHyderabadGS5ORgamestationOR8bitconsole2025', dir.indiamartHyderabadgame-consolewholesalers(biz=30), seed;IndiaMARTaboutus'AuthorizedWholesaleDealer'",Website/IndiaMART 2025-2026 (est. 1992); 8-bit product pages undated,"IndiaMART 'Authorized Wholesale Dealer', sells 8-bit/16-bit TV retro consoles + PS/Xbox; no GS5-specific listing found 2025-26. Best Hyderabad call: ask for GS5 (200/620-game PS5-shape) bulk rate. Vijayawada branch at Benz Circle per Sulekha. | dup-merged from marketplace"
3,Hitech Gamez,trader,RELATED,Guntur,"Guntur, Andhra Pradesh (NOT Hyderabad - IndiaMART 'Service Provider from Guntur')",Andhra Pradesh,9989319069,A — Own website hitechgamez.in contact/sales number (search summary) + prior vlog (WhatsApp) = 2 source kinds,,9989319069: https://hitechgamez.in/contact-us/ ; https://hitechgamez.in/ ; (prior vlog in national sheet) 9989319069: https://hitechgamez.in/contact-us/ ; https://hitechgamez.in/ ; https://magicpin.in/Guntur/Arundelpet/b2b/Electronics-Electrical/Hitech-Gamez/store/2193b7c,"M15 game stick Rs1,599; M22 game stick Rs2,699 (retail, own site)",hitechgamez@gmail.com,https://hitechgamez.in/ ; https://www.indiamart.com/hitech-gamez/,,"search:HitechGamezGunturgamestick, seed",site live 2025-2026,Mostly online/offline RETAIL since 2012; game sticks only; reassign to AP list; ask if they do bulk. | dup-merged from ap
4,Bunty Toys,wholesaler,NONE-SEEN,Madurai,"51-52 West Pandian Akil St, Nethaji Rd Cross, Madurai 625001 (one listing gives 94 W Masi St opp. Taj Electricals)",Tamil Nadu,9894706543,"A — R2 reverse search on ""9894706543"" returned exactly two URLs tied to Bunty Toys Madurai: the firm's NFC digital business card (nfc.dgtechsoln.com/bunty-toys, own/social-card kind) and ClickedIndia contact page (directory kind). Two independent kinds = A. Caveat: both pages blocked to open, so attribution is from the search index; ClickedIndia shows an older address (31-A Elukadal Agraharam, Madurai). LinkedIn/D&B summaries also name Jaya Kiran Jain with this mobile.","04524377381 (C, search-summary unattributed; R1 had 04524377881 - digits conflict, confirm by calling the mobile); 04524377881 (C, directory/IndiaMART summary)",9894706543: https://nfc.dgtechsoln.com/bunty-toys/ https://www.clickedindia.net/qqbayd2vag/bunty-toys/contact.html (also summary-merged: https://www.linkedin.com/in/jayakiran-jain-093457228/ https://www.dnb.com/business-directory/company-profiles.bunty_toys.3cc872683529eae747687f38e75ed062.html); 04524377381: search-summary (unattributed; candidate https://www.indiamart.com/bunty-toys/ or https://www.tradeindia.com/bunty-toys-1672932/) 9894706543: https://www.indiamart.com/bunty-toys/ https://www.dnb.com/business-directory/company-profiles.bunty_toys.3cc872683529eae747687f38e75ed062.html (summary-merged); 04524377881: https://www.clickedindia.net/qqbayd2vag/bunty-toys/contact.html (summary-merged),,buntytoys@gmail.com,https://www.buntytoys.in/ (blocked to fetch); https://www.indiamart.com/bunty-toys/ ; https://www.tradeindia.com/bunty-toys-1672932/ ; instagram.com/buntytoys; facebook.com/buntytoys,,"Maduraitoyswholesalesearches, R1Maduraitoywholesalesearches;R2reversenumbersearch+owner-namesearch",listings live 2026 (est. 1999),"Genuine toy WHOLESALER (supplies Indian+imported toys, balloons, games to wholesale & retail toy shops in TN and Kerala). Owner/contact Mr K. Jaya Kiran Jain. Product list mentions 'video games' but NO GS5/8-bit console proof seen. Ask Jaya Kiran for GS5/Game Station 5 bulk price and their supplier. Address 51-52 West Pandian Akil St, Nethaji Rd Cross, Madurai 625001. | dup-merged from tn_rest"
5,Super Toys,wholesaler,NONE-SEEN,Kochi (Ernakulam),"Kolukkara Bazar, Broadway, Ernakulam, Kochi 682031 (sister/same-owner New Super Toys: Door No. 67/7059 C, Jew Street, Shenoys, Ernakulam 682031)",Kerala,9447605904,"A — R3: 9447605904 appears on (1) QuicKerala Super Toys page (6530) alongside 9995666129/04844865904/sajisupertoys@gmail.com, (2) own website newsupertoys.com (bare-number search hit) and (3) QuicKerala/IndiaMART 'New Super Toys' (contact Saji T C). Super Toys and New Super Toys share mobile 9447605904 + landline 04844865904 + owner 'Saji' -> same family/owner. A = own website + directory. Caveat: Super Toys<->9447605904 link rests on a search summary of QuicKerala 6530","9995666129 (C, QuicKerala 6530 only; bare-number search found nothing); 04844865904 (C, QuicKerala 6530 + New Super Toys QuicKerala/IndiaMART summary); 04842365550 (C, New Super Toys QuicKerala/IndiaMART summary)","9447605904: http://www.newsupertoys.com ; https://www.quickerala.com/ernakulam/ernakulam/super-toys/6530 (via summary) ; https://www.quickerala.com/ernakulam/broadway/super-toys/385396 ; https://www.indiamart.com/newsupertoys/ (summary, 'additional numbers'); 9995666129: https://www.quickerala.com/ernakulam/ernakulam/super-toys/6530; 04844865904: https://www.quickerala.com/ernakulam/ernakulam/super-toys/6530 ; https://www.quickerala.com/ernakulam/broadway/super-toys/385396 9995666129: https://www.quickerala.com/ernakulam/ernakulam/super-toys/6530; 04844865904: https://www.quickerala.com/ernakulam/ernakulam/super-toys/6530 9995666129: https://www.quickerala.com/ernakulam/ernakulam/super-toys/6530; 04844865904: https://www.quickerala.com/ernakulam/ernakulam/super-toys/6530",,sajisupertoys@gmail.com,http://www.newsupertoys.com (sister New Super Toys) ; https://www.indiamart.com/newsupertoys/ ; https://www.facebook.com/newsupertoys/ ; https://www.quickerala.com/ernakulam/ernakulam/super-toys/6530,,"QuicKerala;R2re-checksearch, QuicKerala;R2re-checksearch;R3verificationsearches, QuicKeralaErnakulam'ToysWholesale&Retail'category",undated,"Broadway toy wholesale/retail; appears same owner (Saji T C) as New Super Toys (IndiaMART partnership wholesaler est. 2018: ride-on cars, baby walkers, RC robots, a Rs2500 wifi drone). No TV-console/game-stick evidence. Ask for Saji; ask if they stock 8-bit TV consoles/GS5. | dup-merged from r2_kerala"
6,Game Flash,trader,NONE-SEEN,Chennai,"G-13, K.A.J Plaza, New 64/Old 838 Mount Road (Narasingapuram St), opp Anna statue, Chintadripet, Chennai 600002",Tamil Nadu,04442131514,"A — UPGRADED C->A (with caveat). 044-42131514 now attributed on two kinds: (1) directories bharatibiz (URL slug) + Sulekha; (2) indiainfo.net place page, a Google-Maps-listing mirror ('Game store', popularity rank vs Moosa Games) showing +914442131514, via indiainfo-restricted search. Caveat: Google kind is via a mirror, not Maps itself.","9884499172 (C, R2 unattributed summary; R3 bare-number search returned nothing - treat as unverified); 04442044439 (C, R2 unattributed); 04466321430 (C, livechennai, old); a targeted re-search did NOT confirm it)","04442131514: https://www.bharatibiz.com/en/game-flash-044-4213-1514 ; https://www.sulekha.com/game-flash-chintadripet-chennai-contact-address ; https://www.indiainfo.net/place/game-flash-1100046
9884499172: R2 search-summary only (not re-found R3)
04442044439: R2 search-summary only
04466321430: https://www.livechennai.com/video_game_system_dealers.asp 04442131514: https://www.bharatibiz.com/en/game-flash-044-4213-1514 ; https://www.sulekha.com/game-flash-chintadripet-chennai-contact-address
9884499172, 04442044439: search-summary of the above + https://www.clickedindia.net/jgstac9jue/game-flash/contact.html
04466321430: https://www.livechennai.com/video_game_system_dealers.asp","PS4/PS5, Nintendo Switch, Xbox, VR, game CDs, joysticks (own YT videos); IndiaMART: controllers, joysticks, arcade",georgegameflash@gmail.com (R3 search summary of directory results; unattributed),https://www.indiamart.com/gameflash-chennai/ ; https://www.indiamart.com/game-flash/ ; https://www.tradeindia.com/game-flash-26866222/ ; https://magicpin.in/Chennai/Park-Town/Other/Game-Flash/store/a9538a/ ; YT https://www.youtube.com/watch?v=ghe4avJkkZI,"33BDBPS2845E1ZR (R1, IndiaMART via summary)","IndiaMARTChennaiTVgameconsolewholesalerslist;TradeIndiaprofile, R2:'GameFlashKAJPlazaMountRoadChennaiphonenumber', R3:'""42131514""GameFlashChennai';indiainfo/magicpin/mycity4kids-restrictedsearch, search'GameFlashChintadripet'",JustDial (est 2000) 2025; directories undated,"Mostly PlayStation retail/second-hand with IndiaMART trader-wholesaler tag; contacts Mani / George / Selvaraj. No retro/GS5 evidence - secondary lead, ask if they wholesale TV-game boxes. | dup-merged from r2_chennai"
7,Game Paradise,trader,NONE-SEEN,Coimbatore,"Shop No.82, 1st Floor, Sri Lakshmi Complex, Cross Cut Rd, Gandhipuram, Coimbatore 641012 (near The Chennai Silks)",Tamil Nadu,8667600854,A — 8667600854 on directory (indiapl.com listing title) AND YouTube video description (Used PlayStation Coimbatore) - two independent kinds; also matches brief's vlog. R2: landline 04222232343 re-confirmed on Sulekha; 9994023341 still NOT found anywhere in R2 (reverse search with shop name returned only the landline).,"04222232343 (C, Sulekha/indiapl/JustDial directories - same kind); 9952592235 (C, JustDial per R1 summary - unattributed); 9994023341 (C, brief's vlog only - not found in R1 or R2 searches)",8667600854: https://indiapl.com/tamil-nadu/game-paradise-293912 https://www.youtube.com/watch?v=90j_3_7CIZY; 04222232343: https://indiapl.com/tamil-nadu/game-paradise-293912 https://www.justdial.com/Coimbatore/Game-Paradise-Near-The-Chennai-Silks-Gandhipuram-Coimbatore/0422PX422-X422-190121131305-I8G9_BZDET; 9952592235: https://www.justdial.com/Coimbatore/Game-Paradise-Near-The-Chennai-Silks-Gandhipuram-Coimbatore/0422PX422-X422-190121131305-I8G9_BZDET (summary) https://www.sulekha.com/game-paradise-gandhipuram-coimbatore-contact-address 8667600854: https://indiapl.com/tamil-nadu/game-paradise-293912 https://www.youtube.com/watch?v=90j_3_7CIZY; 04222232343: https://indiapl.com/tamil-nadu/game-paradise-293912 https://www.justdial.com/Coimbatore/Game-Paradise-Near-The-Chennai-Silks-Gandhipuram-Coimbatore/0422PX422-X422-190121131305-I8G9_BZDET; 9952592235: https://www.justdial.com/Coimbatore/Game-Paradise-Near-The-Chennai-Silks-Gandhipuram-Coimbatore/0422PX422-X422-190121131305-I8G9_BZDET (summary),,,https://www.360kovai.com/Game-Paradise/ (directory); https://yellowpages.webindia123.com/d-t/tamil-nadu/coimbatore/game-paradise/4847/,,WebSearch:SriLakshmiComplexaddress->name;reversesearch8667600854,YouTube video undated in snippet; JustDial live 2026,"Coimbatore seed = Game Paradise (est. 1982, Shop 82 Sri Lakshmi Complex, Cross Cut Rd). R2: directories list PSP/PS2/PS3/Xbox 360 and used PlayStation - still NO retro/8-bit/GS5 evidence, and no own wholesale listing found; wholesale claim rests only on the brief's vlog. Worth one call: ask if they stock GS5/8-bit TV consoles in bulk and their supplier. | dup-merged from tn_rest"
8,Sun Sports,trader,FAMILY,Vijayawada,"IndiaMART: Plot No 48, Opp Idly And Idly, Gurunanak Colony, Vijayawada 520008; Google/CityWity: 56-11-13/1, beside Sweet Magic, opp Donka Road, Patamata, Vijayawada 520010",Andhra Pradesh,7993810890,"B — 7993810890 seen on TWO Google-listing mirrors (worldorgs + CityWity, both scrape the Google Maps listing) -> effectively the shop's Google listing = B. Not A: no second source KIND (IndiaMART shows no real number). Caution: Google listing address is Patamata (56-11-13/1, beside Sweet Magic, opp Donka Rd, 520010) vs IndiaMART Plot 48 Gurunanak Colony 520008 - adjacent localities, likely same firm/moved.",,7993810890: https://in.worldorgs.com/catalog/vijayawada/outdoor-sports-store/sun-sports ; https://www.citywity.in/sports-shops/vijayawada/ 7993810890: https://in.worldorgs.com/catalog/vijayawada/outdoor-sports-store/sun-sports (R2 search summary tied it to this Google-derived listing) 7993810890: search-summary (unattributed) - likely https://in.worldorgs.com/catalog/vijayawada/outdoor-sports-store/sun-sports,"IndiaMART: ""TV Video Game Console"" + ""Video Game Console"" (2 products, price not shown)",,indiamart.com/sun-sports-vijayawada/video-games.html,,"search:videogameconsolewholesalevijayawada(IndiaMARTproductpage'TVVideoGameConsole'), search:videogameconsolewholesalevijayawada(IndiaMARTproductpage'TVVideoGameConsole');R3:bare-numbersearch->CityWity",unknown,Sports-goods shop with IndiaMART TV video game console listing (8-bit family) - likely retail; ask for GS5/PS5-style bulk rate and who supplies them. Confirm which address is current. | dup-merged from r2_tgap
9,DTRIX Global Trading,importer,RELATED,Kozhikode (Mukkam),"8/367D, Kakkeri, Nellikkaparamba, Mukkam, Kozhikode 673602",Kerala,9744114639,"B — R3: domain-restricted search of kakkirigroup.com confirms 9744114639 + 9846075588 + dtrix@kakkirigroup.com on the group's own contact page. TradeIndia listing (domain-restricted) shows only 011-43364336 (TradeIndia platform number), not these mobiles; no Facebook/LinkedIn/GST/YouTube sighting -> no second kind, stays B","9846075588 (B, kakkirigroup.com contact page)",9744114639: https://kakkirigroup.com/contact-us/ ; 9846075588: https://kakkirigroup.com/contact-us/ 9744114639: https://kakkirigroup.com/contact-us/ ; https://www.tradeindia.com/products/video-games-toys-3503098.html (possible); 9846075588: https://kakkirigroup.com/contact-us/ ; https://www.tradeindia.com/products/video-games-toys-3503098.html (possible),"Video games toys (handheld, multiple games)",dtrix@kakkirigroup.com,"https://kakkirigroup.com/contact-us/ (Kakkiri Group: DTRIX Global Trading, Muhammed Jamal Kakkeri Trading, Al Nawras) ; https://www.tradeindia.com/products/video-games-toys-3503098.html",,"TradeIndia'VideoGamesToys';R2searchesonMohammedJamal/kakkirigroup, TradeIndia'VideoGamesToys';R2searchesonMohammedJamal/kakkirigroup;R3verificationsearches, TradeIndia'VideoGamesToys'Kozhikode, TradeIndiaKozhikodevideogames",registered 2015; listing undated,"Importer/exporter (reg. 2015), part of Kakkiri Group (with Muhammed Jamal Kakkeri Trading LLC, Al Nawras - Gulf-linked). TradeIndia items: 'Video Games Toys', Tribot robot toys, classic toys - console type unknown. Ask MD Mohammed Jamal Kakkeri whether they import GS5/8-bit TV consoles. | dup-merged from r2_kerala"
10,Game Tronics (Game Tronix),trader,RELATED,Chennai,"No 20 Basement, Nawab Habibullah Complex, Wallers Rd, Mount Road, Chennai 600002 (older: No.14 Gee Gee Complex, Narasingapuram St)",Tamil Nadu,7904431385,"B — UPGRADED C->B. R3 bare-number search ""7904431385"" returns the firm's OWN YouTube channel about page (UCs7Sw497UtnOMwyTMeJNx7w: 'all TV video games shop, no 20 basement Nawab Habibullah Complex... 7904431385') = attributed own-channel source. JustDial/OLX/FB Marketplace appear alongside in quoted-number searches but the summaries never pinned the number to those URLs (OLX hides numbers) -> not A.","04443159171 (C, search-summary of YT about/JustDial, unattributed)","7904431385: https://www.youtube.com/channel/UCs7Sw497UtnOMwyTMeJNx7w/about ; (co-listed, unconfirmed) https://www.justdial.com/Chennai/Game-Tronics-Near-Narasingapuram-Street-and-Masudhii-Mount-Road/044PXX44-XX44-180601174046-S4E5_BZDET
04443159171: search-summary (unattributed) 7904431385: https://www.justdial.com/Chennai/Game-Tronics-Near-Narasingapuram-Street-and-Masudhii-Mount-Road/044PXX44-XX44-180601174046-S4E5_BZDET ; https://www.youtube.com/channel/UCs7Sw497UtnOMwyTMeJNx7w/about ; https://www.olx.in/en-in/item/games-entertainment-c93-game-tronics-in-mount-road-chennai-iid-1787955031 (one of these - unattributed) 7904431385, 044-43159171: search-summary of https://www.youtube.com/channel/UCs7Sw497UtnOMwyTMeJNx7w/about ; https://www.olx.in/en-in/item/games-entertainment-c93-game-tronics-in-mount-road-chennai-iid-1787955031","OLX ad: PS2/PS3/PS4/PS5 + accessories, 'TV video games' and 'hand video games', 'wholesale prices, negotiable'; IndiaMART listing mentions PVP Station game; adapters/USB converters",,https://www.youtube.com/channel/UCs7Sw497UtnOMwyTMeJNx7w ; https://www.indiamart.com/game-tronics/ ; https://www.olx.in/en-in/item/games-entertainment-c93-game-tronics-in-mount-road-chennai-iid-1787955031 ; https://www.facebook.com/marketplace/item/5216996148402504/,33EPOPM5940E1ZQ (piceapp.com; reg 15-06-2018),"FBMarketplacesnippet'AllTVvideogameswholesaleandretail'whilesearchingGS5Chennai, R3:""7904431385"";OLX/FB-restrictedsearch;'GameTronicsChennairetrovideogameconsole8bitTVgame', seed+'GameTronicsMountRoadChennaiphonenumber'","JustDial 2025-26 (est 2009, 104-107 ratings); OLX seller since 2016","Sales+service shop, owner Ignesh/Igneash (older record: Miriyam Arockiaraj); OLX ad claims wholesale prices and stocks 'TV video games' + handheld video games -> RELATED (possibly FAMILY; ask if they carry GS5/Game Station 5). Mostly retail/service. | dup-merged from r2_exact"
11,Reliable Traders - Relitoys,wholesaler,NONE-SEEN,Chennai,"17 Kasi Chetty St, near Pookadai Police Station, Sowcarpet, George Town, Chennai 600001/600079",Tamil Nadu,7550242600,"B — UPGRADED C->B. R3 domain-restricted search on cretaclass.com (Google-listing-derived kids-store page) returns '+91 75502 42600' for this exact address = attributed Google-listing mirror; magicpin store 2687609 also appears with it in summaries (not separately attributed). Not A: own website relitoys.in shows a DIFFERENT number (9445533776), so no second independent kind for 7550242600.","9445533776 (B, own website relitoys.in contact - attributed by relitoys.in-restricted search)","7550242600: https://www.cretaclass.com/en-in/kid-stores/Reliable-Traders-RELITOYS-in-Kasi-Chetty-Street ; (probable) https://magicpin.in/Chennai/George-Town/Bookstore/Reliable-Traders-Relitoys/store/2687609
9445533776: https://www.relitoys.in/shop ; https://amp.relitoys.in/ 7550242600: search-summary of https://magicpin.in/Chennai/George-Town/Bookstore/Reliable-Traders-Relitoys/store/2687609 ; https://relitoys.kyte.site/en","Toys, stationery, squishy/bouncy toys; no video game / TV game / game stick items surfaced on relitoys.in",gmreliabletraders@yahoo.co.in (relitoys.in),https://www.relitoys.in/shop ; https://relitoys.kyte.site/en ; magicpin store 2687609 ; JustDial products page https://www.justdial.com/Chennai/RELIABLE-TRADERS-RELITOYS-Near-Pookadi-Police-Station-Sowcarpet/044PXX44-XX44-190628183052-F3X4_BZDET/products,,"'KingGameKasiChettyStreet'search->JustDialgamedealers, R2:'RelitoysReliableTradersKasiChettyStreetChennaiwhatsappnumber', R3:""7550242600""RelitoysChennai;cretaclass-restrictedsearch;relitoys.in-restrictedsearch",relitoys.in catalogue live 2026; >25 yrs; 4.5/5 (175 ratings),"Toy & stationery wholesale+retail, Sowcarpet. No retro console / GS5 / game stick evidence on own site - low priority; ask only when canvassing Sowcarpet toy wholesalers. | dup-merged from r2_chennai"
12,Game World (Khaja),trader,NONE-SEEN,Guntur,"5-42-34, 6/14 Cross Road, Brodipet, Guntur 522002",Andhra Pradesh,9849715802,B — Number in the shop's own Facebook page video title ('Gameworld 6/14 Brodipet Guntur 9849715802') = seller's own social; also teluguesportscommunity listing (summary) - not independently confirmed,,9849715802: https://www.facebook.com/gameworldguntur/videos/automatic-hand-sanitizer-machine-gameworld-614-brodipet-guntur-9849715802/760861544454650/ ; https://www.facebook.com/gameworldguntur ; https://teluguesportscommunity.in/places/game-world-guntur 9849715802: search-summary (unattributed) - likely https://www.facebook.com/gameworldguntur or https://teluguesportscommunity.in/places/game-world-guntur,PS4 'wholesale price' claimed,gameworld.khaja@gmail.com,facebook.com/gameworldguntur ; facebook.com/gamesshopguntur,,search:Gunturtoyswholesalevideogame->GameWorldGuntur,FB video ~2020 (sanitiser era); Google 4.1/271 reviews per listing - confirm still trading,"Self-described 'All Electronics & Gift & Toys & Video Games', PS4 at 'wholesale prices'; retail+wholesale mix, no GS5 evidence. Ask Khaja for 8-bit/PS5-style console bulk rate. | dup-merged from ap"
13,Jayam Games,wholesaler,FAMILY,Chennai,"Shop No.8 (No.119/8), Singapore Shopping Centre, Govindappa Naicken St, Parrys/George Town, Chennai 600001 (near Agarwal Bhavan Sweets; 'Mint Building' on IndiaMART)",Tamil Nadu,6369855375,"C — UNCHANGED C. R3 bare-number search ""6369855375"" again returns only YouTube ak-SnD7AaO8 (description: JAYAM GAMES, 119/8 Singapore Shopping Street, Parrys, 6369855375/996238...). Instagram @jayam_games_ bio does not expose the number in search; IndiaMART/JustDial show only relay 07942790002. No second source kind found.","9962387585 (C, national-sheet vlogs; same YT description shows truncated '996238...'; bare-number search ""9962387585"" returned nothing relevant); YT summary showed a truncated '6369855375/9962385...' on the same video - bare-number search found nothing); not found on any page in R3)","6369855375: https://www.youtube.com/watch?v=ak-SnD7AaO8
9962387585: https://www.youtube.com/watch?v=ak-SnD7AaO8 (truncated '996238...', unconfirmed) 6369855375: https://www.youtube.com/watch?v=ak-SnD7AaO8
9962387585: https://www.youtube.com/watch?v=ak-SnD7AaO8 (truncated in summary, unconfirmed) 6369855375, 9962387585: not re-seen this run (national-sheet vlogs) 6369855375, 9962387585: (from brief) 6369855375: national sheet 6369855375: https://www.youtube.com/watch?v=ak-SnD7AaO8 (R2) ; 9962387585: not re-seen (R3 name+number search found nothing)","IndiaMART: 'Extreme Mini Game Box Built In 620 Games' listed as a main product (620-game 8-bit TV box w/ 2 wireless pads = GS5-adjacent); 2.4G 20,000 retro games console Rs1,300/pc; PS2 wireless controllers, PS3/PS4/PS5, arcade/VR",,"https://www.instagram.com/jayam_games_/ (bio: PlayStation, Xbox, Nintendo & retro gaming products, all-India shipping) ; https://www.indiamart.com/jayam-games/ ; https://www.indiamart.com/jayam-games/profile.html",33CAUPP7694D1Z1 (R3 search summary of IndiaMART/JustDial for Jayam Games; registered 2017) - verify on call,"R2:bare-numbersearch""6369855375"";Instagramsearch, R3:""6369855375""JayamGames;'JayamGamesParrysChennairetrogameconsolewholesale';'JayamGames""MiniGameBox""620gamesindiamart', R3:'jayam_games_instagramGS5gamestationretroconsole'(noGS5found);'JayamGamesParrysChennairetrogameconsole6369855375';'JayamGamesExtremeMiniGameBox620';'""JayamGames""Chennaiyoutubewholesalegaming9962387585', TradeIndiaChennaigameconsolepage;JustDialGamingConsoleWholesalersChennai, WebSearchJayam/Shadow/GameTronicsGS5Chennai, dir.indiamart.com/chennai/game-console.html(TVvideogameconsolewholesalers)",YT video ~2024; IndiaMART/JustDial/Instagram 2026,"Wholesale+retail console trader (IndiaMART Trader-Wholesaler/Distributor, wholesale+retail), owner K Philip. Strongest Chennai FAMILY lead: stocks 620-game mini TV box and 20,000-game retro consoles; ask Philip for GS5/Game Station 5 bulk price. Likely sister firm George Enterprises at same address. | dup-merged from r2_chennai | dup-merged from r3_d"
14,Playtime Electronics,wholesaler,FAMILY,Hyderabad,"R15, Ground Floor, Jagadish Market, Abids, near Santosh Sapna Theatre, Hyderabad 500001 (IndiaMART); older listing: Shop 13, Sanali Mall, McDonalds Complex, Abids",Telangana,04023203593,C — Only real number is an old landline from one third-party directory (speakingsame.com). R3: bare-number search ('23203593 Hyderabad') found nothing; name searches on JustDial/magicpin/FB/IG returned no Playtime Electronics listing; IndiaMART still shows only relay 8048966810. No mobile found.,,04023203593: http://house.speakingsame.com/india_phone.php?name=Playtime+Electronics&ph=04023203593 04023203593: http://house.speakingsame.com/india_phone.php?name=Playtime+Electronics&ph=04023203593 04023203593: http://house.speakingsame.com/india_phone.php?name=Playtime+Electronics&ph=04023203593,IndiaMART category: 8 Bit / 16 Bit TV Video Game Console (price not shown),,,,dir.indiamart.com/hyderabad/game-console.html?biz=30(searchsummary),IndiaMART listing current (14 yrs in business); landline source undated - confirm still trading,"IndiaMART WHOLESALER (14 yrs) of 8/16-bit TV video game consoles + PS/Xbox, R15 Ground Floor Jagadish Market, Abids. No real mobile online after 3 rounds - walk in or IndiaMART enquiry. Landline 040-23203593 undated, may be dead. | dup-merged from r2_tgap"
15,J.P Toys,wholesaler,RELATED,Chennai,"112/85 Nainiappan Naicken St, Park Town, Chennai 600003 (TradeIndia: 85 Nainiappan Naicken St, Edapalayam); JustDial: No 5 Subbarayan Naicken Lane, near NSC Bose Rd, Sowcarpet 600001",Tamil Nadu,6381494640,"C — Only the national sheet's Google listing; R3 'J.P Toys Sowcarpet Chennai 6381494640' explicitly did NOT find the number on TradeIndia/IndiaMART/JustDial; no second source found -> downgrade to C (unverified) | Match level set to RELATED: the only console seen is the G5 handheld (Rs385), which is not a GS5.",,"6381494640: national sheet (Google listing) - not re-seen in R2 or R3 6381494640: Google listing (national sheet), not re-seen in R2 6381494640: Google listing (national sheet), not re-seen 6381494640: (from brief: Google listing; not re-checked)","G5 TV video game console Rs385/pc (IndiaMART; G5 handheld, does not count); toys Rs240-550",,https://www.indiamart.com/jptoyschennai/ ; https://www.tradeindia.com/j-p-toys-47722733/ ; https://www.justdial.com/Chennai/J-P-Toys-Near-NSC-Bose-Road-Sowcarpet/044PXX44-XX44-210429130342-M5A2_BZDET,33FEFPP6422D1ZP (TradeIndia profile),"IndiaMART+TradeIndiaChennaigameconsolelistings, R2:JPToysaddress/JustDial/IndiaMARTsearches, R3:'J.PToysSowcarpetChennai6381494640';'""JPToys""Chennai...NainiappanNaickenStreet';'jptoysgalleryinstagram';'""JPToys""Chennaivideogameconsolewholesaleyoutubeshorts', dir.indiamart.com/chennai/game-console.html+IndiaMARTprofile",2026 IndiaMART; est 2018/2019,"Toy wholesaler, prop Praveen Kumar; 'wholesaler of kids toys, video game consoles & pen cases'. @jptoysgallery Instagram is a DIFFERENT firm (J.P. Toys Gallery, Bangkok) - do not use. No Instagram/YouTube found for the Chennai firm. Ask Praveen about GS5. | dup-merged from r2_chennai"
16,Heaven Gift & Toys,importer,NONE-SEEN,Kochi (Ernakulam),"Jew Street, near Central Juma Masjid, Ernakulam 682031 (also a JustDial listing at Mather Bazar, Broadway Lane)",Kerala,9447060803,"C — R3: mobile + both landlines + email again surfaced only from QuicKerala (385536). Bare-number search: nothing. Facebook page and JustDial (Mather Bazar, Broadway Ln; 4.3/3 ratings) confirm business but no number visible -> still single directory source","04842360803 (C, QuicKerala); 04844025803 (C, QuicKerala)",9447060803: https://www.quickerala.com/ernakulam/jews-street/heaven-gift-toys/385536 (via search summary); 04842360803: https://www.quickerala.com/ernakulam/jews-street/heaven-gift-toys/385536; 04844025803: https://www.quickerala.com/ernakulam/jews-street/heaven-gift-toys/385536 (via search summary) 9447060803: https://www.quickerala.com/ernakulam/jews-street/heaven-gift-toys/385536 (via search summary); 04842360803: https://www.quickerala.com/ernakulam/jews-street/heaven-gift-toys/385536; 04844025803: https://www.quickerala.com/ernakulam/jews-street/heaven-gift-toys/385536 (via search summary) 04842360803: https://www.quickerala.com/ernakulam/jews-street/heaven-gift-toys/385536,,heavenplace@gmail.com,https://www.facebook.com/people/Heaven-Gift-and-Toys/100078687224235/,,"IndiaMARTKochikids-toyswholesalersdir+QuicKerala, R1IndiaMART/QuicKerala;R2extendedsearch'HeavenGifttoysJewStreetErnakulamimporterphone', R1IndiaMART/QuicKerala;R2extendedsearch'HeavenGifttoysJewStreetErnakulamimporterphone';R3verificationsearches","undated (IndiaMART says GST verified, 14 yrs)","Self-described importer & wholesale dealer of imported toys/gifts/cosmetics ('direct dealer of imported toys', tagline 'Every Toy have the spirit of Joy'), Jew St/Broadway belt; Mon-Sat 9-8. No retro/TV-console/game-stick evidence found in R3. Good 'ask' lead; confirm 9447060803 on WhatsApp. heavenplace@gmail.com not found elsewhere. | dup-merged from r2_kerala"
17,Swastik Toys,wholesaler,NONE-SEEN,Coimbatore,"Shop No.144-A, 1st Floor, Dhanam Complex, Oppanakara St / Raja St, Town Hall, Coimbatore 641001",Tamil Nadu,9443450937,"C — Number now ATTRIBUTED: 360kovai.com directory listing (domain-restricted search returned it) + a scraped data list on Scribd (Goutham-Data). Both third-party directory-type sources, no own site/Google/IndiaMART/social sighting -> stays C (strong C).","04222396994 (C, unattributed R2 search summary; R3 search on the digits found nothing)","9443450937: https://www.360kovai.com/category/Toys-and-hobbies/game-shops/ ; https://www.scribd.com/document/857500136/Goutham-Data
04222396994: search-summary (unattributed, R2) 9443450937: search-summary (unattributed; result set included https://www.360kovai.com/category/Toys-and-hobbies/game-shops/ and https://www.textileinfomedia.com/market/Oppanakara-Street); 04222396994: same",,,https://dir.indiamart.com/coimbatore/toy-gun.html?biz=30,,"IndiaMARTtoywholesalerlisting(summary), IndiaMARTtoywholesalerlisting(summary);R2numbersearch, IndiaMARTtoywholesalerlisting(summary);R2numbersearch;R3:bare-number+360kovaidomainsearch",360kovai listing undated - confirm still trading,"Toy shop/wholesaler in Oppanakara St wholesale belt (Dhanam Complex, Town Hall). 360kovai files it under ""game shops"". No console/GS5 evidence; not on JustDial/IndiaMART under this name. Ask if they stock 8-bit TV consoles/GS5. | dup-merged from r2_tn"
18,A To Z Traders,wholesaler,NONE-SEEN,Kochi (Ernakulam),"Door No. 67/11537-A, Muslim Street, Market Road, Ernakulam 682035",Kerala,9895110996,"C — R3: number again only from YouTube description (iAdR8vEdO0w). Instagram @atoztraderskochi (2,506 followers) confirms wholesale business but summary shows no phone in bio ('inquiries via DM'); no JustDial/magicpin listing found; bare-number search empty",,9895110996: https://www.youtube.com/watch?v=iAdR8vEdO0w 9895110996: https://www.youtube.com/watch?v=iAdR8vEdO0w 9895110996: https://www.youtube.com/watch?v=iAdR8vEdO0w,,,"https://www.instagram.com/atoztraderskochi/ (2.5k followers; 'wholesale toys, bulk orders for retailers, delivery across Kerala')",,"R1YouTube;R2re-checksearch'AToZTradersErnakulamMarketRoad', R1YouTube;R2re-checksearch'AToZTradersErnakulamMarketRoad';R3verificationsearches, WebSearchyoutube.com'toyswholesaleernakulambroadway'",~Jan 2025 (video ~624 days old),"Clear toy WHOLESALER (bulk orders for retailers, delivery across Kerala). No TV-game/console/game-stick evidence in R3 searches. Ask on WhatsApp 9895110996 or IG DM. | dup-merged from r2_kerala"
19,Toy Shop (Corporation Bazar),wholesaler,NONE-SEEN,Kochi (Ernakulam),"Corporation Bazar, Broadway, Ernakulam",Kerala,04842360287,C — R3: landline re-seen only on QuicKerala 227345 (categories Shops & Stores / Toys Wholesale & Retail); no second source,,04842360287: https://www.quickerala.com/ernakulam/broadway/toy-shop/227345 04842360287: https://www.quickerala.com/ernakulam/broadway/toy-shop/227345,,,,,"QuicKeralaErnakulamtoyswholesale&retail, QuicKeralaErnakulamtoyswholesale&retail;R3verificationsearches",undated - confirm still trading,"Generic-named Broadway toy shop; no wholesale proof beyond directory category, no console evidence; low priority, confirm still trading. | dup-merged from kerala"
20,Happy Agencies & Toys,wholesaler,NONE-SEEN,Kozhikode,"Puthiyapalam, Palayam, Kozhikode 673002 (Safa Building, near NSS School); second listing 1st Floor, Jayanthi Building, G.H. Road, Palayam, Calicut (QuicKerala)",Kerala,9633052930,"C — R3: +919633052930 confirmed on magicpin 'Happy agencies [WHOLESALER]' (domain-restricted search; 5.0/97 reviews). An unrestricted summary also put it on the IndiaMART aboutus page (CEO P Abdulkareem, happyagencies@yahoo.com) but a domain-restricted IndiaMART search did NOT repeat the number -> second kind unconfirmed; near-A, stays C","9895298811 (C, QuicKerala Palayam listing 319809 per summary); 04954060356 (C, same QuicKerala listing per summary)","9633052930: https://magicpin.in/Kozhikode/Puthiyara/Other/Happy-Agencies-[Wholesaler]/store/21526a4 (confirmed R3) ; https://www.indiamart.com/happy-agencies-toys/aboutus.html (summary, unconfirmed) ; JustDial jdmart (R1 probable); 9895298811, 04954060356: https://www.quickerala.com/calicut/palayam/happy-agencies-toys/319809 (via summary) 9633052930: https://magicpin.in/Kozhikode/Puthiyara/Other/Happy-Agencies-[Wholesaler]/store/21526a4 (R2, probable); https://www.justdial.com/jdmart/Kozhikode/Happy-Agencies-Toys-Near-Nss-School-Puthiyapalam/0495PX495-X495-180819084308-V8U2_BZDET/catalogue (R1, probable) 9633052930: https://www.justdial.com/jdmart/Kozhikode/Happy-Agencies-Toys-Near-Nss-School-Puthiyapalam/0495PX495-X495-180819084308-V8U2_BZDET/catalogue (probable; summary merged JustDial+magicpin)",,happyagencies@yahoo.com,https://www.indiamart.com/happy-agencies-toys/ ; https://www.indiamart.com/happy-agencies-kozhikode/products.html ; https://magicpin.in/Kozhikode/Puthiyara/Other/Happy-Agencies-[Wholesaler]/store/21526a4 ; https://www.quickerala.com/calicut/palayam/happy-agencies-toys/319809,32AAGFH3561B1ZY,"JustDialKozhikodetoywholesalers, JustDialKozhikodetoywholesalers;R3verificationsearches",est. 1990; JD 4.3 (77 ratings),Toy WHOLESALER ~35 yrs (partnership; head P Abdulkareem); IndiaMART products wooden/inflatable/preschool toys. No console evidence. Ask for Abdulkareem about TV game consoles. | dup-merged from r2_kerala
21,Mizwa Toys,wholesaler,NONE-SEEN,Kozhikode (Calicut),"17/2124, Parco Bazar, G.H. Road, Kozhikode 673001",Kerala,9447263253,"C — R3: 9447263253 now seen on two directories - QuicKerala Calicut list + yellowpages.webindia123.com Kozhikode toy shops p4 (domain-restricted search) - both 'directory' kind, so not A. 9995535253 only QuicKerala","9995535253 (C, QuicKerala only)",9447263253: https://yellowpages.webindia123.com/d-py/kerala/kozhikode/toy-shops-724/4/ ; https://www.quickerala.com/calicut/shops-and-stores/toys-wholesale-retail/sbct-6602-dt-2; 9995535253: https://www.quickerala.com/calicut/shops-and-stores/toys-wholesale-retail/sbct-6602-dt-2 9995535253: https://www.quickerala.com/calicut/shops-and-stores/toys-wholesale-retail/sbct-6602-dt-2; 9447263253: https://www.quickerala.com/calicut/shops-and-stores/toys-wholesale-retail/sbct-6602-dt-2 9995535253: https://www.quickerala.com/calicut/shops-and-stores/toys-wholesale-retail/sbct-6602-dt-2; 9447263253: https://www.quickerala.com/calicut/shops-and-stores/toys-wholesale-retail/sbct-6602-dt-2,,,,,"QuicKeralaCalicuttoyswholesale, QuicKeralaCalicuttoyswholesale;R3verificationsearches",undated - confirm still trading,'Wholesale dealer of all kinds of imported toys' (QuicKerala); webindia123 lists it as a toy shop - wholesale vs retail unclear. Same Parco Bazar building as Bava Agencies/Toy Mall. No console evidence; directory data undated - confirm still trading. | dup-merged from r2_kerala
22,Bava Agencies (Wholesalers),wholesaler,NONE-SEEN,Kozhikode (Calicut),"1st Floor, Parco Bazar, Palayam, Kozhikode 673001",Kerala,9895351170,"C — R3: no new sighting of 9895351170 or 0495-2723170; searches returned only unrelated Bava firms (Bava Sons roofing, Bava Store stationery 09496204057). Single directory each","04952723170 (C, kooogle.com directory)",9895351170: https://www.quickerala.com/calicut/shops-and-stores/toys-wholesale-retail/sbct-6602-dt-2; 04952723170: http://www.kooogle.com/BAVAAGENCIES 9895351170: https://www.quickerala.com/calicut/shops-and-stores/toys-wholesale-retail/sbct-6602-dt-2; 04952723170: http://www.kooogle.com/BAVAAGENCIES 9895351170: https://www.quickerala.com/calicut/shops-and-stores/toys-wholesale-retail/sbct-6602-dt-2; 04952723170: http://www.kooogle.com/BAVAAGENCIES,,,,,"QuicKeralaCalicuttoyswholesale, QuicKeralaCalicuttoyswholesale;R3verificationsearches",undated - confirm still trading,"Toys/gifts/soft dolls/baby cycles wholesaler, Parco Bazar Palayam per QuicKerala only; no web footprint in R3 - weakest Kozhikode lead, confirm still trading. Not to be confused with Bava Store (stationery, same building, 9496204057). | dup-merged from r2_kerala"
23,Oswal Trading Co.,wholesaler,NONE-SEEN,Chennai,"Perumal Mudali St, Sowcarpet, George Town, Chennai 600079 (IndiaMART; no door no. confirmed - the 'No 48, opp Chinna Amman Temple' address belongs to 'Oswal Trading Company', a fashion-jewellery wholesaler on JustDial/IndiaMART, possibly a different firm)",Tamil Nadu,9840061965,"C — UNCHANGED C (weak). R3 bare-number searches (""9840061965"" Chennai; ""9840061965"" Oswal; quoted with 'Oswal Trading Sowcarpet') did NOT tie the number to Oswal - the only hit was a chensaa.org members-list PDF at No.5 Krishnan Koil St (another entity). Number rests on R2 unattributed summary of the IndiaMART profile. YES, this is the same IndiaMART PS5 seller (indiamart.com/oswal-trading-co-chennai: gaming consoles, PS5 Rs45k-65k, graphics cards), but the number is not confirmed for it.","04465338811 (C, R2 search-summary unattributed); 04442620602 (C, Sulekha - likely the jewellery/beads Oswal, not the console seller)","9840061965: R2 search-summary of https://www.indiamart.com/oswal-trading-co-chennai/ (unattributed; not re-seen R3); only bare-number hit R3: https://www.chensaa.org/downloads/members_list.pdf (different entity/address)
04465338811: R2 search-summary (unattributed)
04442620602: https://www.sulekha.com/oswal-trading-co-sowcarpet-chennai-contact-address 9840061965, 04465338811: search-summary of https://www.indiamart.com/oswal-trading-co-chennai/ ; https://www.sulekha.com/oswal-trading-co-sowcarpet-chennai-contact-address
04442620602: https://www.sulekha.com/oswal-trading-co-sowcarpet-chennai-contact-address","IndiaMART: Sony PS5 disc w/ 1-yr warranty Rs65,000 / Rs45,000; PS5 Rs50,000; PS5 Digital white; PS4 Pro 1TB; graphics cards","milestone48@yahoo.co.in (R2 search-summary, unattributed)",https://www.indiamart.com/oswal-trading-co-chennai/ ; https://www.indiamart.com/oswal-trading-co-chennai/gaming-console.html,33AANPM9705D1ZP (IndiaMART profile via R3 indiamart-restricted search; reg 01-07-2017),"R2:'PS5modelgameconsoleTamilwholesaleshopChennai'->IndiaMARTChennaiPlayStationwholesalerslist, R3:indiamart-restricted'oswal-trading-co-chennaiprofilecontactaddressGST';bare-numbersearches",IndiaMART 2026,"IndiaMART wholesaler/distributor of PS5/PS4/graphics cards, turnover 40L-1.5Cr; IndiaMART contact person 'Marj Ishaan' (R2 had Vikram & Mangal Mandot - unverified). Genuine-console/PC parts trader, no retro evidence - low priority; best reached via IndiaMART enquiry. | dup-merged from r2_chennai"
24,Ramdev Toys,wholesaler,NONE-SEEN,Chennai,"54/6 Perumal Mudali Street, Ground Floor, Sowcarpet, Chennai 600079",Tamil Nadu,8610724024,"C — UNCHANGED C. R3 bare-number search ""8610724024"" hits only the Madras Vlogger Threads post (shop contact details, 'mobile and whatsapp'); Madras Vlogger YouTube video on the same shop is the same creator = same source. No JustDial/magicpin/Instagram listing found for 'Ramdev Toys' at 54/6 (JustDial has different Ramdev Soft Toys / Ramdev Toy City on Kasi Chetty St - not the same).",,8610724024: https://www.threads.com/@madrasvloggerofficial/post/C-Zx_itPk3V 8610724024: https://www.threads.com/@madrasvloggerofficial/post/C-Zx_itPk3V,,,,,"R2'VimalToysNarayanaMudaliStreet'search(sideresult), R3:""8610724024"";'RamdevToysPerumalMudaliStreetSowcarpetChennai'",~2024 vlog post,"Sowcarpet wholesale toy shop, takes online orders. No console/GS5 evidence. Low priority; don't confuse with Sri Ramdev Novelty (71/1 Perumal Mudali St) or Ramdev Toy City/Ramdev Soft Toys (Kasi Chetty St). | dup-merged from r2_chennai"
25,Muskan Gifts and Novelties Wholesalers,wholesaler,NONE-SEEN,Hyderabad,"1st Floor, Aziz Plaza, Shop 15, 8-513/F-3, Begum Bazar, Feelkhana, Hyderabad 500012 (magicpin lists under Siddiamber Bazaar)",Telangana,8328017407,C — 8328017407 now attributed to magicpin (domain-restricted search on magicpin/justdial/mappls returned it with the magicpin store page). indiainfo.net says no number; JustDial shows only relay 08043808241; IG bio no number. One directory source -> C.,,8328017407: https://magicpin.in/Hyderabad/Siddiamber-Bazaar/Other/Muskan-Gifts-And-Novelties-Wholesalers/store/7ab390 8328017407: search-summary (unattributed) - likely https://magicpin.in/Hyderabad/Siddiamber-Bazaar/Other/Muskan-Gifts-And-Novelties-Wholesalers/store/7ab390 or https://yappe.in/telangana/hyderabad/muskan-gifts-and-novelties-wholesalers/661331,,,https://www.instagram.com/muskaangiftsandnovelties/ ; https://www.youtube.com/watch?v=HJxlLEYIFkY ; indiamart.com/muskaan-gift-novelties ; https://www.justdial.com/jdmart/Hyderabad/Muskaan-Gift-Novelties-Begum-Bazar/040PXX40-XX40-180910190424-T3Y7_BZDET/catalogue,,search:SiddiamberBazaartoysgiftwholesale,YouTube vlog + IG current,"Return-gift/novelty/packing wholesaler (Aziz Plaza, Feelkhana; JustDial opened 2018, 4.6/31). IndiaMART sells plastic containers/bottles. No console evidence - low priority, ask only about cheap 8-bit TV games. | dup-merged from r2_tgap"
26,Toy Land,wholesaler,NONE-SEEN,Perinthalmanna (Malappuram),"Kizhissery Complex, Ootty Road, Perinthalmanna, Malappuram 679322",Kerala,9645244493,C — R3: both numbers again only from QuicKerala (277053; a second QuicKerala listing 284519 exists). bharatibiz page title found but no number attributed; Instagram @toyslandofficials (China-imported ride-ons) may or may not be this shop -> unconfirmed,"8943813182 (C, QuicKerala)",9645244493: https://www.quickerala.com/malappuram/perinthalmanna/toy-land/277053 (via search summary); 8943813182: https://www.quickerala.com/malappuram/perinthalmanna/toy-land/277053 (via search summary) 9645244493: https://www.quickerala.com/malappuram/perinthalmanna/toy-land/277053 (via search summary); 8943813182: https://www.quickerala.com/malappuram/perinthalmanna/toy-land/277053 (via search summary),,,https://www.bharatibiz.com/en/toy-land_32Q-040-2475-5217 ; https://www.quickerala.com/malappuram/perinthalmanna/toy-land/284519 ; possibly https://www.instagram.com/toyslandofficials/ (unconfirmed match),,"R2search'MalappuramPerinthalmannatoyswholesale', R2search'MalappuramPerinthalmannatoyswholesale';R3verificationsearches",undated - confirm still trading,"'Wholesale distributor of toys, gifts, flowers, electronics, perfumes and bags' (QuicKerala). No console evidence. Only Malappuram lead; confirm still trading. | dup-merged from r2_kerala"
27,Tirupati Toys & Gift (Wholesale),wholesaler,NONE-SEEN,Thiruvananthapuram,"Behind Sree Padmanabha Theatre, Vrindavan Lane, Chalai Bazaar, Thiruvananthapuram 695036",Kerala,9633407211,"C — R3: +91 96334 07211 again from yappe.in (Google-derived) listing only; JustDial (4.7/16 ratings, 'Gift Shop') confirms address but shows no number; no social profile found",,9633407211: https://yappe.in/kerala/thiruvananthapuram/tirupati-toys-gift/1718860 (via search summary) 9633407211: https://yappe.in/kerala/thiruvananthapuram/tirupati-toys-gift/1718860 (via search summary),,,https://www.justdial.com/Thiruvananthapuram/Tirupati-Toys-Gift-Chalai/0471PX471-X471-220610223320-A6Q4_BZDET,,"R2search'Chalaitoyswholesale', R2search'Chalaitoyswholesale';R3verificationsearches",JustDial listing created 2022,"Chalai Bazaar toy/gift shop, signboard says WHOLESALE; YouTube 'Toys Wholesale Market in Trivandrum / Chalai' (https://www.youtube.com/watch?v=-j1O-rgdmk4) covers the market but not tied to this shop. No console evidence. | dup-merged from r2_kerala"
28,V R Games,trader,NONE-SEEN,Chennai,"Nallathambi Street, Mount Road (Anna Salai), Chennai 600002",Tamil Nadu,9606410399,"C — UNCHANGED C. Only source remains the JustDial 'Gaming Console Wholesalers in Chennai' category page (R3 summary: '09606410399, WhatsApp available', 7 yrs, 4.8/10 ratings). Bare-number search found nothing; no Instagram/YouTube/magicpin presence found. 96064 series (Karnataka-issued) unusual for Chennai.",,9606410399: https://www.justdial.com/Chennai/Gaming-Console-Wholesalers/nct-11256304 9606410399: https://www.justdial.com/Chennai/Gaming-Console-Wholesalers/nct-11256304,'from Rs149/unit' (same phrase appears for Jayam on the same JustDial page - possible summary merge),,,,"JustDial'GamingConsoleWholesalersinChennai', R3:""9606410399"";'""VRGames""Chennaigamingconsolewholesalerjustdial'",JustDial 2025-26,"Thin JustDial-only presence (toy shop / game dealer, tagged wholesaler). No retro evidence. Verify number and identity on first call; low priority. | dup-merged from marketplace"
29,Gold Star Games,trader,NONE-SEEN,Chennai,"New 30/Old 12, Jothi Lodge Complex, 1st Floor, opp Raheja Towers/Complex, Narasingapuram St, Mount Road, Chennai 600002",Tamil Nadu,04442149996,"C — CHANGED call_this, grade stays C. R3 found 044-42149996 on Golden Chennai yellow pages (attributed via quoted '42149996' search) for the exact address; the old 044-66078785 is only on livechennai (bare-number search found nothing). Both are single directory sources; the firm's own YouTube (@GoldstarGames_official) exposes only an email. TradeIndia/Sulekha mention a mobile starting 98 (hidden).","04466078785 (C, livechennai directory, old)","04442149996: https://yellowpages.goldenchennai.com/info/gold-star-games-gc-31054/ (also in summary of clickedindia/sulekha/tradeindia restricted search, unattributed)
04466078785: https://www.livechennai.com/video_game_system_dealers.asp 04466078785: https://www.livechennai.com/video_game_system_dealers.asp","PlayStation consoles PS2-PS5, Xbox, VR, projectors; sales & service; claims Sony authorised dealer (YT)",goldstargamesoficial@gmail.com (own YouTube channel per search summary),https://www.youtube.com/@GoldstarGames_official ; https://www.youtube.com/watch?v=ykE9Pmvli7o ; https://www.tradeindia.com/gold-star-games-2501197/ ; https://www.sulekha.com/gold-star-games-chintadripet-chennai-4748180-contact-address ; https://www.justdial.com/Chennai/Gold-Star-Games-Opposite-Raheja-Complex-Mount-Road/044P7009619_BZDET/photos,,"R2livechennaivideogamesystemdealers, R3:'""GoldStarGames""Chennai';'""42149996""GoldStarGames'",Active: own YT channel + JustDial 4.1/330 reviews (2025-26); TradeIndia reg 2008,"Proprietor Mr Ramesh (TradeIndia). 20+ yr PlayStation sales/service shop, TradeIndia calls it supplier/trader; mostly retail genuine consoles. No retro evidence - only worth a call to ask; get mobile from email/YT. | dup-merged from r2_chennai"
30,Ambrit TV Games (Vijayawada branch),distributor,FAMILY,Vijayawada,"Benz Circle, Vijayawada",Andhra Pradesh,,No verified number,,,,,sulekha.com/gaming-console-dealers/vijayawada,,search: video game console wholesale vijayawada,unknown,Sulekha lists an Ambrit TV Games outlet at Benz Circle Vijayawada - same Ambrit family that wholesales 8/16-bit TV consoles in Hyderabad. Ask Hyderabad HQ if Vijayawada branch stocks GS5.
31,George Enterprises,wholesaler,FAMILY,Chennai,"Shop No.8, 119 Singapore Shopping Centre, Govindappa Naicken St, George Town, Chennai 600001",Tamil Nadu,,No verified number,,,,,,,dir.indiamart.com/chennai/game-console.html listing (TV video game console),2026 IndiaMART dir,Same shop address as Jayam Games - probably sister firm/same owner; listed in IndiaMART TV/8-bit console category. Verify via Jayam.
32,Mahalaxmi Marketing,wholesaler,FAMILY,Hyderabad,"15-8-450, Feelkhana, Hyderabad 500012 (same door no. as K K Complex / Sree Rajendra Toys per JustDial - do not conflate)",Telangana,,No verified number,,,"'GAME PLAYER' TV game console, yellow, wired controllers Rs1,199/pc (IndiaMART, Jun 2026)",,,,dir.indiamart.com/hyderabad/game-console.html?biz=30andvideo-game-consolelistings,2026-06,"Feelkhana IndiaMART verified supplier of 8/16-bit TV game consoles ('GAME PLAYER' Rs1,199/pc, Jun 2026). R2: no number online; don't confuse with Mahalaxmi Toys (mahalaxmitoys.com, 9582289680 - different, non-Hyderabad firm) or Mahalaxmi Enterprises Kukatpally. Get number via IndiaMART enquiry or visit 15-8-450 Feelkhana. | dup-merged from r2_tgap"
33,Diamond Marketing (listed as 'Chennai Diamond Marketing'),wholesaler,FAMILY,Chennai,"1/92 Purasawalkam Saravana Perumal Street, Chennai 600084",Tamil Nadu,,No verified number,,,,,IndiaMART (dir.indiamart.com/chennai/game-console.html?biz=30),GST verified per IndiaMART (number not seen),"IndiaMARTChennaiTVVideoGameConsolewholesalersdirectory, IndiaMARTChennaiTVvideogameconsolewholesalersdir",2026 dir,IndiaMART: wholesaler of 8/16-bit TV consoles (~5 yrs). Not findable outside IndiaMART -> enquiry via IndiaMART only. | dup-merged from marketplace
34,S B M Toys (listed as 'Chennai S B M Toys'),wholesaler,FAMILY,Chennai,"1st Floor, 194 Shop No.1, Mint Street, Park Town, Chennai 600003",Tamil Nadu,,No verified number,,,,,IndiaMART (dir.indiamart.com/chennai/game-console.html?biz=30),GST verified per IndiaMART,"IndiaMARTChennaiTVVideoGameConsolewholesalersdirectory, IndiaMARTdir",Feb 2026,Only in IndiaMART TV-console category; no product evidence. IndiaMART enquiry only. | dup-merged from marketplace
35,Vimal Toys,wholesaler,FAMILY,Chennai,"Shop No.12, Chandrakanta Complex, No.16 (New No.33), Narayana Mudali Street, Sowcarpet, Chennai 600079",Tamil Nadu,,No verified number,,,,,IndiaMART (dir.indiamart.com/chennai/game-console.html?biz=30),,"IndiaMARTChennaiTVVideoGameConsolewholesalersdirectory, IndiaMARTdir",2026,Only in IndiaMART TV-console category. IndiaMART enquiry or walk-in on Narayana Mudali St. | dup-merged from marketplace
36,A & U Ventures,wholesaler,FAMILY,Hyderabad,"Villa No 4, Ashoka A La Maison, Ashok Builders Colony Road, Kompally, Hyderabad 500100",Telangana,,No verified number,,,Listed under IndiaMART 'TV Video Game Console / Retro Gaming Console' wholesalers Hyderabad; product/price not seen,,https://dir.indiamart.com/hyderabad/game-console.html?biz=30,,"R3: dir.indiamart Hyderabad game console search; '""A & U Ventures"" Kompally Hyderabad game console'",IndiaMART dir 2026,"Residential villa address -> likely an online/home-based trader, not a market wholesaler. Only category evidence (retro TV console). Low priority; needs number."
37,DD Enterprises,trader,FAMILY,Chennai,"Ground Floor, No.23 Kanniyappan St, Chennai 600094",Tamil Nadu,,No verified number,,,"Retro Game Console Rs1,185/piece (IndiaMART)",,,GST verified on IndiaMART (number not seen),dir.indiamart.com/chennai/game-console.html,2026 IndiaMART dir,Low response rate (18%). Retro TV console listing; unknown if GS5. Use IndiaMART enquiry.
38,Senthil Home Needs,trader,FAMILY,Chennai,"No 288 T H Road, Old Washermanpet, Chennai 600021",Tamil Nadu,,No verified number,,,,,,,dir.indiamart.com/chennai/game-console.html listing,2026 IndiaMART dir,Listed in IndiaMART TV video game console category; nothing else found - may be retail home-needs store. Low priority.
39,Sports Shack,trader,FAMILY,Ernakulam (Kochi),"Manakunnam, Ernakulam (near Tripunithura/Udayamperoor)",Kerala,,No verified number,,,TV Video Game Console Rs312/pc,,"https://dir.indiamart.com/ernakulam/video-games.html (listed as supplier of 'TV Video Game Console', 9 yrs)",,"IndiaMARTErnakulamvideo-gamesdirectory(viasearchsummary), IndiaMARTKochi/Ernakulamvideogames",undated,"IndiaMART supplier of TV Video Game Consoles (8-bit type likely = FAMILY), 9 yrs; wholesale status unclear. Only route is IndiaMART enquiry. | dup-merged from marketplace"
40,Majisa Collection,trader,FAMILY,Coimbatore (unconfirmed),unknown,Tamil Nadu,,No verified number,,,,,https://dir.indiamart.com/coimbatore/video-games.html (listing); YouTube @Majisa_collection7773 ; mydukaan.io/majisa114 (store says Rajasthan - may be different Majisa),,R2 IndiaMART Coimbatore video-games directory (search summary),,"IndiaMART Coimbatore directory shows 'TV Video Game Console from Majisa Collection'. Could not find its page, address or number; 'Majisa' is a common Rajasthani trader name (Majisa Mobile, Gandhipuram 8th St is a mobile-accessory dealer - possibly related, unconfirmed). Low-confidence lead."
41,Wonder Kids Toys,trader,FAMILY,Pollachi (Coimbatore dist.),,Tamil Nadu,,No verified number,,,,,https://dir.indiamart.com/coimbatore/video-games.html (listing),,R2 IndiaMART Coimbatore video-games directory (search summary),,"Directory shows 'TV Video Game Console' from Wonder Kids Toys, Pollachi. No page/number found in a follow-up search. Likely toy retailer; low-confidence."
42,"Maa Jagdamba Traders (NEW lead, R3)",trader,FAMILY,Vijayawada,"Vijayawada, Krishna (exact address not captured)",Andhra Pradesh,,No verified number,,,"TV Video Game Console Rs1,000/piece (IndiaMART)",,https://www.indiamart.com/maa-jagdamba-traders-vijayawada/game-console.html,,R3 search: Vijayawada wholesale game stick/retro/GS5/8 bit,listing current (date not shown),"IndiaMART seller of TV video game consoles at Rs1000/pc, owner Prakash K - worth an IndiaMART enquiry for GS5 bulk rate. Also seen: Kaveri Marketing Vijayawada (IndiaMART trader-wholesaler of video games, PS-oriented)."
43,Agile Toys World,wholesaler,RELATED,Hyderabad,"SD Mall, 2nd Floor, Shop 211-218, Begum Bazar Feelkhana, near Old Santosh Dhaba, Hyderabad 500012",Telangana,,No verified number,,,,,https://www.instagram.com/agiletoysworld/ ; https://www.indiamart.com/agile-toys-world/,,BegumBazartoywholesalesearches;IndiaMART,est. 2024; IndiaMART + Instagram current 2026,"Wholesale-only ('Your One Stop Toys Wholesaler for Your Shop' - IG bio), proprietor C Rajpurohit; toys + phone cases, IndiaMART category incl. video game consoles - no specific retro model seen. DM @agiletoysworld for WhatsApp. | dup-merged from r2_tgap"
44,Game Square,trader,RELATED,Chennai,"Shop No. G1, Basement, K.A.J. Plaza, Bldg 17, Narasingapuram St, Chennai 600002",Tamil Nadu,,No verified number,,,"retro handheld consoles, PS3/PS4, Switch (IndiaMART)",,,GST verified (number not seen),"IndiaMARTChennaivideo-game-consoledir, R2:'GameSquareKAJPlaza...phone'",2026 IndiaMART (14 yrs),Ritchie St/Narasingapuram cluster; retro handhelds on IndiaMART. Walk-in (same building as Game Flash) or IndiaMART enquiry. | dup-merged from chennai
45,Pixelpitch,trader,RELATED,Hyderabad,"Flat No 102, Sri Vyshnavi Trendz, Phase 1, Kavuri Hills, Madhapur, Hyderabad",Telangana,,No verified number,,,"X20 5.1-inch handheld, 2000+ games Rs4,000/pc",,IndiaMART (dir.indiamart.com/hyderabad/game-console.html),,"IndiaMARTHyderabadgameconsole, dir.indiamart.com/hyderabad/game-console.html?biz=30",2025-26,"IndiaMART verified supplier (4 yrs, 4.4 from 31). Sells retro handhelds from a flat address, so probably an online trader. Ask whether they can source GS5. | dup-merged from telangana"
46,Sri Venkataramana Computers,trader,RELATED,Visakhapatnam,Visakhapatnam (address not seen),Andhra Pradesh,,No verified number,,,GD30 4K Retro Game Stick Rs3500/pc (IndiaMART/TradeIndia listing per search summary),,,,search: game stick wholesale visakhapatnam,unknown,"Computer shop listing retro 4K game stick on B2B portals; price is retail-level, so probably small trader. Ask for game-stick/GS5 bulk."
47,Emmozhi Publications,trader,RELATED,Coimbatore,"Door No 31, Aranga Nagar, Thaneer Pandal, Peelamedu, Coimbatore",Tamil Nadu,,No verified number,,,,,,,IndiaMART Coimbatore video game console (M22 game stick),2026,"A search summary links it to an M22 game stick listing, but that attribution is uncertain (the name suggests a publisher). Verify before calling."
48,Game Shopee,distributor,NONE-SEEN,Chennai,"No. 36-A First Avenue, Chennai 600083 (Ashok Nagar)",Tamil Nadu,,No verified number,,,,,https://www.indiamart.com/game-shopee-chennai/ ; https://www.tradeindia.com/Seller-3240450-GAME-SHOPEE/,,"IndiaMART+ExportersIndia, seed+'GameShopeeChennaiindiamart'","IndiaMART profile (product list dated ~2017-18: PES 2018, NBA 2K18) - confirm still trading","Est 2007, 1 distribution office + 2 showrooms, owner Saravanan; IMPORTS consoles/handhelds/accessories from Singapore, Malaysia, Hong Kong. Possible upstream source; stale evidence. | dup-merged from marketplace"
49,Befach 4X Private Limited,distributor,NONE-SEEN,Hyderabad,"3rd Floor, 8-2-120/86/9/B, Luxor Park, Road No 2, Banjara Hills, Hyderabad 500034",Telangana,,No verified number,,,,,,,dir.indiamart.com/hyderabad/game-console.html?biz=30,"TrustSeal, 10 yrs",Listed under TV video game console wholesalers (TrustSeal); likely general importer/trader - product mix unverified; no number.
50,Games City,wholesaler,NONE-SEEN,Chennai,"Shop No.19, Basement, Gee Gee Arcade (Indian Bank Bldg), 2/3 Narasingapuram St, Mount Road, Chintadripet, Chennai 600002",Tamil Nadu,,No verified number,,,,,https://m.indiamart.com/games-city-chennai/,,"R2search, search'GamesCityChintadripet'",IndiaMART (11 yrs),IndiaMART wholesaler of PS controllers/adapters; owner Chiranjeeve. No retro evidence; IndiaMART enquiry only. | dup-merged from chennai
51,King Game,wholesaler,NONE-SEEN,Chennai,"Flat No.6/18, Alaudeen Towers, Old No.4/New No.6 Kasi Chetty St, Sowcarpet, Chennai 600079",Tamil Nadu,,No verified number,,,,,JustDial Gaming Console Wholesalers Chennai (nct-11256304),,"JustDial'GamingConsoleWholesalersChennai'(viasearchsummary), R2:'KingGameKasiChettyStreet...phone'",JustDial (15 yrs),JustDial: Sports Toy Dealer / China Product Wholesaler / Gaming Console Wholesaler. No product evidence. Walk-in or JustDial call-through only. | dup-merged from chennai
52,A S Enterprises,wholesaler,NONE-SEEN,Coimbatore,"No 159, opp Kalyan Jewellers, 5th Street, Cross Cut Road, Gandhipuram, Coimbatore 641012",Tamil Nadu,,No verified number,,,,,https://www.justdial.com/Coimbatore/A-S-Enterprises-Opposite-Kalyan-Jewellers-Gandhipuram-Coimbatore/0422PX422-X422-140505141546-S6Q7_BZDET ; category https://www.justdial.com/Coimbatore/Gaming-Console-Wholesalers/nct-11256304,,"JustDial'GamingConsoleWholesalersinCoimbatore'category(viasearchsummary), R1JustDialcategory;R2searchonname+address","JustDial live 2026 (est. 2007, 4.6 from 6 ratings)","Est. 2007; JustDial's own listing classifies it as COMPUTER SOFTWARE DEALER, while also appearing in JustDial 'Gaming Console Wholesalers' - likely software/game-disc trader. No retro evidence, no number. Low priority; walk-in/phone via JustDial only. | dup-merged from tn_rest"
53,Suresh Novelties,wholesaler,NONE-SEEN,Coimbatore,"337 Oppanakara Street, 1st Floor, Ganesh Market, Coimbatore 641001",Tamil Nadu,,No verified number,,,,,https://dir.indiamart.com/coimbatore/toy-gun.html?biz=30,,IndiaMART toy wholesaler listing (summary),,"Toy/novelty wholesaler; no console evidence, no number retrieved."
54,Aaa Game Planet (Games Planet),wholesaler,NONE-SEEN,Hyderabad,"Opp Vijaya Ganapathi Temple, 7-1/73/P, Gandipet-Hydershakote Village Road, Hyderabad 500091 (IndiaMART); also listed Plot 01, 2nd Fl, APEC Hitech City, Madhapur (TradeIndia)",Telangana,,No verified number,,,"PS3 Rs14,500, Wii Rs11,500 (IndiaMART)",,https://www.indiamart.com/planet-games-hyderabad/ ; https://www.justdial.com/Hyderabad/Aaa-Game-Planet-Towards-KkConvention-Hyder-Shah-Kote/040PXX40-XX40-110813105330-Q1P4_BZDET,GST verified per IndiaMART,"IndiaMARTHyderabadvideogameconsolewholesalers, seed;dir.indiamartHyderabadwholesalers",est. 2009; listings old-gen consoles - confirm still trading,"IndiaMART Wholesaler/Distributor, proprietor Sunil Agarwal; no retro evidence; JustDial page exists (not opened). | dup-merged from marketplace"
55,Harsh Plastic & Toys,wholesaler,NONE-SEEN,Hyderabad,"Door No 15-1-652/655/656, Shop 06, Ground Floor, Feelkhana, Begum Bazar, Hyderabad",Telangana,,No verified number,,,"Lists Sony PS4 Pro 1TB Rs30,000 (IndiaMART, search summary)",,,,BegumBazaartoys+consolesearch,listing current,Feelkhana toy wholesaler listing consoles on IndiaMART - worth asking for GS5; no number found; name not re-confirmed by second search. | dup-merged from telangana
56,Vardhaman General Novelties,wholesaler,NONE-SEEN,Vijayawada,"Shop No 29, #11-40-1, Chitturi Complex, Pulipativari Street, One Town, Vijayawada 520001",Andhra Pradesh,,No verified number,,7382742302: https://www.hidoot.com/vijayawada/toy-shops/list/1472/vardhaman-general-novelties-toys-git-items-games-pulipativari-street-in-vijayawada-bezawada ; 8143700500: same URL 7382742302: https://www.hidoot.com/vijayawada/toy-shops/list/1472/vardhaman-general-novelties-toys-git-items-games-pulipativari-street-in-vijayawada-bezawada ; 8143700500: same URL,,,https://www.indiamart.com/vardhaman-toy-gallery/kids-bike.html ; https://www.justdial.com/Vijayawada/Vardhaman-Toy-Gallery-Near-Post-Office-Tarapet/0866PX866-X866-1243596844M5L1E4-DC_BZDET,,"search:toyswholesalevijayawadavideogame, search:toyswholesalevijayawadavideogame;R3:bare-numbersearchesexposedHidootplatformnumbers;JustDial/IndiaMARTaliasfound",est. 2000 (JustDial) / 2010 (Hidoot); IndiaMART current - confirm still trading,"Same firm = Vardhaman Toy Gallery (JustDial/IndiaMART), owner Praveen Kumar. Wholesale China/electronic toys, games, gift articles; IndiaMART lists as wholesaler (kids bikes/toys). No console evidence. Get number via IndiaMART enquiry/JustDial app; ask for Praveen. | dup-merged from r2_tgap"
57,Mahadev Toys,wholesaler,NONE-SEEN,Visakhapatnam,"26-1-103, 1st Floor, Opp Poorna Trade Centre, Bowdara Road, Poorna Market, Visakhapatnam 530001",Andhra Pradesh,,No verified number,,,,,justdial.com/Visakhapatnam/Mahadev-Toys-Opposite-Poorna-Trade-Centre-Poorna-Market/0891PX891-X891-180710211223-R7C2_BZDET,,search:PoornaMarketVisakhapatnamtoyswholesaleshop,est. 2018,"Battery-operated toy dealer, 1st-floor Poorna Market (trade area); no console evidence. Neighbours in same Bowdara Rd strip: Sandies (26-1-122), K.S.N Enterprises (toy wholesaler) - visit/phone round if in Vizag. | dup-merged from ap"
58,Vijay Toys Center,wholesaler,NONE-SEEN,Vijayawada,"11-54-44, Gulab Chand Street / Bhavannarayana Street, One Town, Vijayawada 520001",Andhra Pradesh,,No verified number,,,,,hidoot.com vijay-toys-center ; justdial Vijay-Toys-Center-One-Town,,search: Vijay Toys Vijayawada Gulab Chand Street wholesale phone,"GST-verified, 14 yrs on IndiaMART",Wholesale fancy toys & gift articles in One Town wholesale area; no console evidence. Get real number from hidoot/JustDial manually.
59,Germane International Consortium,wholesaler,NONE-SEEN,Thrissur,Thrissur (address not captured),Kerala,,No verified number,,,,,https://www.indiamart.com/germane-international-consortium/kids-toys.html,,IndiaMARTThrissurkidstoys,undated,"IndiaMART wholesaler/distributor of sports goods, toys & games, Thrissur 680516. No console evidence. Only reachable via IndiaMART enquiry (relay). | dup-merged from kerala"
60,Galaxy Toyz Zone,wholesaler,NONE-SEEN,Hyderabad,"Begum Bazar, Hyderabad (exact shop not captured)",Telangana,,No verified number,,,,,https://www.youtube.com/shorts/DiKJrQjsnUE,,search: Galaxy Toyz Zone Begum Bazar,YouTube short ~late 2025,Self-styled 'Hyderabad's biggest wholesale toy & battery car shop' (YT short). No console evidence; worth a visit/ask in Begum Bazar.
61,Pradeep Toys World,wholesaler,NONE-SEEN,Hyderabad,"Niamath Shopping Plaza, Shop 2 Cellar, beside Old Santosh Dhaba, Feel Khana Begum Bazar Rd, Hyderabad 500012",Telangana,,No verified number,,,,,https://www.justdial.com/Hyderabad/Pradeep-Toys-World-Near-OLD-SANTOSH-DHABA-Begum-Bazar/040PXX40-XX40-181011193744-R6T6_BZDET,,search: Pradeep Toys World Begum Bazar,"JustDial est. 2012, 4.4/63 ratings","JustDial 'toy dealer / toy shop wholesaler', near Agile Toys World; no console evidence. Possibly linked to Pradeep Toys Centre (unconfirmed)."
62,Pradeep Toys Centre,wholesaler,NONE-SEEN,Hyderabad,"5-8-415, Hari Krishna Complex, Feelkhana, Begum Bazar, behind Aziz Plaza, Hyderabad 500012",Telangana,,No verified number,,,,,https://www.sulekha.com/pradeep-toys-centre-begum-bazar-hyderabad-contact-address,,search: Pradeep Toys Centre Sulekha,unknown,"Feelkhana toy shop, contact Sanjay; same family as Pradeep Toys World? unverified. No console evidence."
63,K.S.N Enterprises,wholesaler,NONE-SEEN,Visakhapatnam,"Bowdara Road, Poorna Market, Visakhapatnam",Andhra Pradesh,,No verified number,,,,,https://www.justdial.com/Visakhapatnam/Ksn-Enterprises-Bowdara-Road-Poorna-Market/0891PX891-X891-210227133102-J5K7_BZDET,,search: Sandies Poorna Market,JustDial est. ~2021,"JustDial category 'Toy Wholesalers', Poorna Market; no console evidence - ask."
64,Lakshi Vinayak Traders,wholesaler,NONE-SEEN,Chennai,"No. 85/6, Varadharajan Street, Sathuma Nagar, Thiruvottiyur, Chennai 600019",Tamil Nadu,,No verified number,,,"IndiaMART: Retro Arcade Gaming Machine, PS3 games, Sony PlayStation, video game systems (Rs699-2,999 range per summary); no GS5",,https://www.indiamart.com/lakshivinayaktraders/ ; https://www.indiamart.com/proddetail/retro-arcade-gaming-machine-14875333588.html,,R3: 'GS5 game station 5 200 games wholesale price Tamil Nadu OR Kerala OR Telangana indiamart' (surfaced as Chennai video-game wholesaler); 'Lakshi Vinayak Traders Chennai video game console GS5'; 'indiamart.com/lakshivinayaktraders ... contact',"IndiaMART 2026 (est. 2012, GST-verified 11 yrs)","Sole prop Suresh G; trader/wholesaler/retailer of video gaming machines & PS gear. Weak lead - no GS5 evidence, no real number. Low priority."
65,Mobhy Store,trader,NONE-SEEN,Chennai,Chennai (address not seen),Tamil Nadu,,No verified number,,,,,https://www.indiamart.com/mobhystore/ps4-video-games.html,,search result title 'PS4 Video Games - Ps5 Pro Wholesale Trader from Chennai',2026 IndiaMART,IndiaMART PS4/PS5 wholesale trader; nothing else verified.
66,Deals Cloud,trader,NONE-SEEN,Chennai,"Old No. 52 Venkatanarayana Rd, T. Nagar, Chennai",Tamil Nadu,,No verified number,,,,,,,IndiaMART Chennai TV video game console wholesaler list (search summary),2026 IndiaMART dir,"Appears in IndiaMART Chennai game-console wholesaler listing; products unknown. Also in same list: 'Lakshi Vinayak Traders' (GST verified, 11 yrs, no address seen)."
67,Games And Toys,trader,NONE-SEEN,Madurai,"No 31 South Masi St (also listed 31 Mela Avani Moola St), near Meenakshi Temple, Madurai 625001",Tamil Nadu,,No verified number,,,,,https://www.justdial.com/Madurai/Games-And-Toys-Near-Arulmigu-Meenakshi-Sundareshwarar-Temple-South-Masi-Street/0452PX452-X452-190117172417-H8J8_BZDET,,JustDial/webindia123 listings,est. 1999,Likely retail toy/game shop; wholesale not established; no number retrieved.
68,Vishnu Enterprises,trader,NONE-SEEN,Coimbatore,,Tamil Nadu,,No verified number,,,,,https://www.indiamart.com/vishnuenterprisescoimbatore/gaming.html,,IndiaMART gaming page,,Mobile/gadget accessory trader with gamepads/joysticks on IndiaMART; summary calls it a retailer; no game-stick/console evidence; number not retrieved.
69,Rathna Stores Firm,trader,NONE-SEEN,Trichy,"Big Bazaar Street area, Tiruchirappalli Fort / Town Hall",Tamil Nadu,,No verified number,,,,,https://www.justdial.com/Trichy/Toy-Dealers-in-Big-Bazaar-Street-Tiruchirappalli-Fort/nct-10490297,,JustDial toy dealers Big Bazaar St (summary),,"Toy dealer in Trichy's wholesale street; no console evidence, no number."
70,Sri Bhagavathy Toys,trader,NONE-SEEN,Salem,"20 Veerapandiayar Nagar, Salem 636004",Tamil Nadu,,No verified number,,,,,https://dir.indiamart.com/salem/baby-toys.html,,IndiaMART Salem toys (summary),,"Toy supplier; only an IndiaMART relay number found. Other Salem toy suppliers in same results also relay-only: Heena Fancy Store, Lokesh Enterprises, Sree Ganesh Paper Mart."
71,D K Toys World,trader,NONE-SEEN,Visakhapatnam,Visakhapatnam (address not seen),Andhra Pradesh,,No verified number,,,,,listed in dir.indiamart.com/visakhapatnam/video-games.html,,search: D K Toys World Visakhapatnam,unknown,Toy shop listed on IndiaMART Vizag video-games directory for PlayStation/Xbox consoles. Toy trader - worth asking about 8-bit/GS5.
72,Mahadev Gift Centre,trader,NONE-SEEN,Visakhapatnam,"Near Ramakrishna Theatre, Prasad Gardens, Poorna Market, Visakhapatnam",Andhra Pradesh,,No verified number,,,,,justdial.com/Visakhapatnam/Mahadev-Gift-Centre-Near-Ramakrishna-Theatre-Prasad-Gardens-Poorna-Market/0891PX891-X891-110228213112-Q2B1_BZDET,,search: Mahadev Gift Centre Visakhapatnam video game console indiamart,est. 2000,Gift/novelty shop in Poorna Market (wholesale market) that appears on IndiaMART Vizag video-games directory. Get number from JustDial/IndiaMART manually.
73,Sri Nikitha Enterprises,trader,NONE-SEEN,Visakhapatnam,Visakhapatnam (address not seen),Andhra Pradesh,,No verified number,,,,,listed in dir.indiamart.com/visakhapatnam/video-games.html,,search: Sri Nikitha Enterprises Visakhapatnam game console,unknown,Only seen as a name in IndiaMART Vizag video-games directory. Low info.
74,Baba Collections,trader,NONE-SEEN,Visakhapatnam,Visakhapatnam (address not seen),Andhra Pradesh,,No verified number,,,,,listed in dir.indiamart.com/visakhapatnam/video-games.html,,search: Baba Collections Visakhapatnam game console,unknown,Listed on IndiaMART Vizag as selling Video Game Consoles; nothing else found. Low info.
75,Game World,trader,NONE-SEEN,Tirupati,Tirupati (address not seen),Andhra Pradesh,,No verified number,,,,,indiamart.com/game-world,,search: Tirupati toys wholesale video game console,unknown,IndiaMART seller of game consoles/Xbox/PS2-PS3 in Tirupati. Likely retail. Only lead found for Tirupati.
76,Mahadev Toys Centre,trader,NONE-SEEN,Thiruvananthapuram,"1st Floor, Khadeeja Building, East Fort, Chalai",Kerala,,No verified number,,,,,https://www.justdial.com/Thiruvananthapuram/Mahadev-Toys-Centre-Chalai/0471PX471-X471-170828213010-G5B8_BZDET,,JustDial Chalai toy dealers,undated,"Chalai toy shop; wholesale status unknown; other Chalai names seen: Shiva Toys, Tirupati Toys & Gift (Sree Padmanabha Theatre Bazaar), Abdullah Traders (Chala Bazar). Unverified leads only."
77,MD Akbar Ali,trader,NONE-SEEN,Hyderabad,"2-10 Mudimyala, Hyderabad 501503",Telangana,,No verified number,,,"'Video Game Console' Rs10,000/pc",,,,IndiaMART Hyderabad video game console,2026,"Individual seller on IndiaMART. The Rs10k price suggests a branded console, not retro. Low priority."
78,Topmost Enterprises Private Limited,trader,NONE-SEEN,Kochi,"Kochi, Ernakulam",Kerala,,No verified number,,,,,dir.indiamart.com/ernakulam/video-games.html,,IndiaMART Ernakulam video games,2026,Listed under video games in Ernakulam. Product unknown. Low priority.
79,Gameworld Electronics Sales And Services,trader,NONE-SEEN,Madurai,"Near Ganesh Hospital, Tamil Sangam Rd, Mani Nagaram, Madurai Bazaar, Madurai 625001",Tamil Nadu,,No verified number,,,,,https://www.justdial.com/Madurai/Gameworld-Electronics-Sales-And-Services-Near-Ganesh-Hospital-Madurai-Bazaar/0452PX452-X452-131013142341-K5X7_BZDET ; possibly https://www.indiamart.com/game-world-electronic/ (joysticks),,R2 'video game console wholesale Madurai' -> JustDial Gaming Console Distributors Madurai,"JustDial live 2026 (est. 2003, 3.9/15)","Listed in JustDial 'Gaming Console Distributors' Madurai and as Xbox dealer; likely retail+sales/service. No number (JustDial hidden), no retro evidence. IndiaMART 'game-world-electronic' (joysticks) may be same firm - unconfirmed."
80,Sandies,trader,NONE-SEEN,Visakhapatnam,"26-1-122, Bowdara Road, Poorna Market / Jagadamba Jn, Visakhapatnam 530001",Andhra Pradesh,,No verified number,,,,,https://magicpin.in/india/Visakhapatnam/Jagadamba-Junction/Toy-Store/,,search: Jagadamba Junction toys video games (magicpin),listing current,Toy shop said to sell toys incl. video games and ride-ons; likely retail. Next door to Mahadev Toys/K.S.N in Poorna Market.
81,Ace Collections: Toys & Gifts,trader,NONE-SEEN,Visakhapatnam,"Jagadamba Junction area, Visakhapatnam (exact address not captured)",Andhra Pradesh,,No verified number,,,,,https://magicpin.in/india/Visakhapatnam/Jagadamba-Junction/Toy-Store/,,search: Jagadamba Junction toys (magicpin list),unknown,Listed as retail AND wholesale toys & gifts; no console evidence. Weak lead.
