Company,City,Number seen,Why excluded
Republic Gamers,Chennai,8682002925,Retail PS5 store chain; no wholesale or retro evidence
Game Zone,Salem,,"Salem 'retro' evidence was GameZone in Salem, Massachusetts (USA); Salem TN 'Game Zone' is a PS4 gaming parlour (7639468013)"
Comforts International,Palladam (Tiruppur dist.),,Palladam furniture importer (arcade tables); only number a relay
ZEE TOYS (Madurai listing),Madurai,,"GST state code 07 = Delhi firm, not Madurai"
Game Point,Trichy,,Retail (Trichy)
Lakhi TV Video Games,Hyderabad,9949177476,Reviews describe retail PS/Xbox shop + repairs; 9949177476 (C)
Kay Kay Overseas Corporation,Hyderabad,8657531394,Mumbai (Andheri) Amazon Premium seller/brand distributor; Hyderabad is only a GST registration; 8657531394 unattributed
Young Seasons Video Games,Hyderabad / Secunderabad,9885988692,IndiaMART lists it as retailer (mall stores); 9885988692 (B) if ever needed
New Shop,Visakhapatnam,,"IndiaMART labels it Retailer (Akkayyapalem, Vizag)"
Babu Games World,Vijayawada,9640767616,Retail PS/Xbox shop (Vijayawada); 9640767616 is grade A (bharatibiz + Google-listing copy) — call only to ask who supplies retro consoles locally
UVG Electronics (Uncle Video Games),Vijayawada,9848124218,"Retail (Vijayawada); 9848124218 (B, Google-listing copy); JustDial says closed"
Myma Kids Store (Myma Toy Store),Kochi (Ernakulam),8593996660,Retail chain (4 stores); no wholesale; 8593996660 (C) — only to ask who supplies them
Sri Sai Ram Games World,Chennai,,Retail
Moosa Game House,Chennai,,Retail / used consoles
S S Games,Trichy,,Retail (Trichy)
Game Zone Sales & Service,Puducherry,,Retail (Puducherry)
New Super Toys,Kochi (Ernakulam),,"Same owner (Saji T C) as Super Toys, Broadway — merged into the Super Toys row"
Gadgets World Enterprise(s) (Flipkart/Amazon GS5 Mini packer),UNVERIFIED (search summary said Tamil Nadu),,"GS5 Mini packer on Amazon/Flipkart, but no Tamil Nadu firm of that name found in GST search; location unproven"
Balaji Trading Company (importer named on Playtastic GS5 Pro Amazon listing) - LOCATION UNPROVEN,UNVERIFIED (a Chennai firm of this name exists),,"Amazon Playtastic GS5 Pro importer is Balaji Trading Co., NEW DELHI; the Chennai firm of that name (GST 33ALZPS7407D1ZP) has no link to it"
Balaji Trading Company (importer named on Playtastic GS5 Pro Amazon listing) - LOCATION UNPROVEN,"New Delhi (per Amazon importer field, search summary) - NOT Chennai",,"Amazon Playtastic GS5 Pro importer is Balaji Trading Co., NEW DELHI; the Chennai firm of that name (GST 33ALZPS7407D1ZP) has no link to it"
Gadgets World Enterprise(s) (Flipkart/Amazon GS5 Mini packer),UNVERIFIED,,"GS5 Mini packer on Amazon/Flipkart, but no Tamil Nadu firm of that name found in GST search; location unproven"
