Company,Number,Why rejected,Where seen
Jayam Games,7942790002,IndiaMART relay (0794x),https://www.indiamart.com/jayam-games/profile.html
DD Enterprises,8047662762 ext 5262,IndiaMART relay (0804x),https://dir.indiamart.com/chennai/game-console.html
Game Square,8047697144,IndiaMART relay (0804x),https://dir.indiamart.com/chennai/video-game-system.html
Bunty Toys,9953717914,"listed as 'Sales' in merged summary, Delhi-series number - likely web-vendor/other company, unattributed",https://nfc.dgtechsoln.com/bunty-toys/
Bunty Toys,9700318318,"listed as 'Support' - likely web/NFC vendor number, not the shop",https://nfc.dgtechsoln.com/bunty-toys/
Bunty Toys,01123619759,"different company (Bunty Toys, Delhi)",https://in.soopage.com/company/Bunty-Toys_1v3s.html
Sri Bhagavathy Toys,08047787924,IndiaMART relay (0804x) - Sri Bhagavathy Toys,https://dir.indiamart.com/salem/baby-toys.html
Sri Bhagavathy Toys,08044017719,IndiaMART relay - Heena Fancy Store,https://dir.indiamart.com/salem/baby-toys.html
Sri Bhagavathy Toys,08045165649,IndiaMART relay - Lokesh Enterprises,https://dir.indiamart.com/salem/car-toy.html
Sri Bhagavathy Toys,08043843281,IndiaMART relay - Sree Ganesh Paper Mart,https://dir.indiamart.com/salem/car-toy.html
Playtime Electronics,8044464855,IndiaMART relay (080-44 virtual),https://dir.indiamart.com/hyderabad/game-console.html?biz=30
Agile Toys World,8044566802 ext 7960,IndiaMART relay,https://www.indiamart.com/agile-toys-world/
Aaa Game Planet (Games Planet),8047679002,IndiaMART relay (080-47),https://www.indiamart.com/planet-games-hyderabad/aboutus.html
Young Seasons Video Games,08043818722,IndiaMART relay (prior sheet),https://www.indiamart.com/young-seasons/
Vijay Toys Center,8047651494,"IndiaMART relay (0804x / +91 80 47..) for Vijay Toys Center, 11-54-44 Gulab Chand St, One Town, Vijayawada (wholesale fancy toys)",https://dir.indiamart.com/vijayawada/kids-toys.html
King Game,8044014970 ext 6382,JustDial relay (0804x),https://www.justdial.com/Chennai/Gaming-Console-Wholesalers/nct-11256304
Games City,8044464759 ext 7031,IndiaMART relay (0804x),https://m.indiamart.com/games-city-chennai/aboutus.html
Bunty Toys,08046055322,IndiaMART relay (0804x),https://m.indiamart.com/bunty-toys
Comforts International,07942543283,IndiaMART relay (0794x),https://www.indiamart.com/comforts-international/aboutus.html
Playtime Electronics,8048966810,IndiaMART relay (080-48 virtual),https://dir.indiamart.com/hyderabad/game-console.html?biz=30
Agile Toys World,8043845022,IndiaMART relay (080-43),https://www.indiamart.com/agile-toys-world/
Germane International Consortium,08041015251,IndiaMART relay (0804x),https://www.indiamart.com/germane-international-consortium/kids-toys.html
Vardhaman General Novelties,7382742302,Hidoot.com platform number (on many unrelated Hidoot listings),https://www.hidoot.com/hyderabad/home-care-services
Vardhaman General Novelties,8143700500,"Hidoot.com platform number (page titles ""...|Ph:8143700500"" across many cities)",https://www.hidoot.com/vizianagaram/books-and-stationery
Muskan Gifts and Novelties Wholesalers,8043808241,JustDial relay (0804x),https://www.justdial.com/jdmart/Hyderabad/Muskaan-Gift-Novelties-Begum-Bazar/040PXX40-XX40-180910190424-T3Y7_BZDET/catalogue
Super Toys,8047687509,IndiaMART relay (0804x) for New Super Toys,https://www.indiamart.com/newsupertoys/
DTRIX Global Trading,01143364336,"TradeIndia platform/relay number, not the seller's",https://www.tradeindia.com/products/video-games-toys-3503098.html
J.P Toys,07942554812,IndiaMART relay (0794x),https://m.indiamart.com/jptoyschennai
Lakshi Vinayak Traders,08044464667 ext 9723,IndiaMART relay (0804x),https://www.indiamart.com/lakshivinayaktraders/
