#,Firm,City,State,CALL,Grade,Sells,Why / ask for
1,Ambrit Electronics (Ambrit TV Games),Hyderabad,Telangana,9849078931,A,FAMILY,Wholesale dealer since 1992; own site sells 8-bit and 16-bit TV retro consoles. Ask for Devender
2,Jayam Games,Chennai,Tamil Nadu,6369855375,C,FAMILY,"Console trader with a 620-game mini TV box and a 20,000-game retro console (Rs1,300). Ask for K Philip"
3,Shadow Games,Chennai,Tamil Nadu,9884129983,A,FAMILY,PlayStation wholesale (min 5 units); search links it to a GS5 Pro video (unconfirmed)
4,Game Tronics (Game Tronix),Chennai,Tamil Nadu,7904431385,B,RELATED,"OLX ad: ""TV video games, wholesale prices"". Ask for Ignesh"
5,Playtime Electronics,Hyderabad,Telangana,04023203593,C,FAMILY,"IndiaMART wholesaler of 8/16-bit TV consoles, 14 yrs; old landline, walk in if dead"
6,Sun Sports,Vijayawada,Andhra Pradesh,7993810890,B,FAMILY,Lists TV video game consoles on IndiaMART; confirm which address is current
7,DTRIX Global Trading,Kozhikode (Mukkam),Kerala,9744114639,B,RELATED,"Importer (Kakkiri Group); sells ""video games toys"". Ask for Mohammed Jamal Kakkeri"
8,Bunty Toys,Madurai,Tamil Nadu,9894706543,A,NONE-SEEN,"Big toy wholesaler for TN + Kerala shops; ""video games"" in range. Ask for Jaya Kiran Jain"
9,Hitech Gamez,Guntur,Andhra Pradesh,9989319069,A,RELATED,"Game sticks (M15/M22); mostly retail, ask about bulk"
10,Super Toys,Kochi (Ernakulam),Kerala,9447605904,A,NONE-SEEN,Toy wholesaler with RC and electronic toys. Ask for Saji
11,Heaven Gift & Toys,Kochi (Ernakulam),Kerala,9447060803,C,NONE-SEEN,Importer and wholesaler of imported toys and gifts
12,A To Z Traders,Kochi (Ernakulam),Kerala,9895110996,C,NONE-SEEN,Wholesaler supplying shops across Kerala
13,J.P Toys,Chennai,Tamil Nadu,6381494640,C,RELATED,Toy wholesaler; G5 handheld only so far. Ask Praveen for GS5
14,Game Paradise,Coimbatore,Tamil Nadu,8667600854,A,NONE-SEEN,A vlog calls it a gaming wholesale shop; used PlayStations
15,Game World (Khaja),Guntur,Andhra Pradesh,9849715802,B,NONE-SEEN,"Electronics, toys, video games; advertises ""wholesale prices"". Ask for Khaja"
16,Game Flash,Chennai,Tamil Nadu,04442131514,A,NONE-SEEN,PlayStation trader at KAJ Plaza; ask if they wholesale TV-game boxes
17,Happy Agencies & Toys,Kozhikode,Kerala,9633052930,C,NONE-SEEN,Toy wholesaler since 1990 (magicpin lists it as a wholesaler). Ask for P Abdulkareem
18,Mizwa Toys,Kozhikode (Calicut),Kerala,9447263253,C,NONE-SEEN,"Wholesaler of imported toys, Parco Bazar"
19,Reliable Traders - Relitoys,Chennai,Tamil Nadu,7550242600,B,NONE-SEEN,Sowcarpet toy and stationery wholesaler; no consoles seen
20,Swastik Toys,Coimbatore,Tamil Nadu,9443450937,C,NONE-SEEN,Coimbatore toy wholesaler
21,Bava Agencies (Wholesalers),Kozhikode (Calicut),Kerala,9895351170,C,NONE-SEEN,Palayam toy wholesaler
22,Toy Land,Perinthalmanna (Malappuram),Kerala,9645244493,C,NONE-SEEN,Wholesale distributor of toys and electronics
23,Tirupati Toys & Gift (Wholesale),Thiruvananthapuram,Kerala,9633407211,C,NONE-SEEN,Chalai toy and gift wholesaler
24,Toy Shop (Corporation Bazar),Kochi (Ernakulam),Kerala,04842360287,C,NONE-SEEN,Broadway toy shop; landline only
25,Muskan Gifts and Novelties Wholesalers,Hyderabad,Telangana,8328017407,C,NONE-SEEN,Return-gift wholesaler in Begum Bazaar
26,Ramdev Toys,Chennai,Tamil Nadu,8610724024,C,NONE-SEEN,Sowcarpet toy wholesaler (one vlog)
27,Oswal Trading Co.,Chennai,Tamil Nadu,9840061965,C,NONE-SEEN,"IndiaMART PS5 and gaming trader; number weak, also use the IndiaMART enquiry"
28,Gold Star Games,Chennai,Tamil Nadu,04442149996,C,NONE-SEEN,Mainly PlayStation; ask for Mr Ramesh
29,V R Games,Chennai,Tamil Nadu,9606410399,C,NONE-SEEN,JustDial gaming-console wholesaler listing; may be mixed up with Jayam
30,Mahalaxmi Marketing,Hyderabad,Telangana,(no real number: IndiaMART enquiry or walk-in at 15-8-450 Feelkhana),-,FAMILY,"TV game console Rs1,199 on IndiaMART (June 2026)"
